Taxonomy,36_1,37_1,41_1,49_1,38_1,28_1,4_1,15_1,13_1
Acidobacteria;Holophagae;Acanthopleuribacterales;Acanthopleuribacteraceae;Thermotomaculum;uncultured,1,0,0,0,0,0,0,0,0
Actinobacteria;Actinomycetales;Actinomycetaceae;Actinomyces;Actinomyces,3,0,0,2,0,3,0,2,0
Actinobacteria;Actinomycetales;Actinomycetaceae;Actinomyces;uncultured,13,0,0,0,1,18,1,7,5
Actinobacteria;Actinomycetales;Actinomycetaceae;Actinomyces;unidentified,2,0,0,0,0,2,0,1,1
Actinobacteria;Bifidobacteriales;Bifidobacteriaceae;Bifidobacterium;Bifidobacterium,908,0,78,187,137,96,185,262,200
Actinobacteria;Bifidobacteriales;Bifidobacteriaceae;Bifidobacterium;human,92,0,9,7,5,1,0,9,17
Actinobacteria;Bifidobacteriales;Bifidobacteriaceae;Bifidobacterium;metagenome,59,0,17,20,21,9,7,40,26
Actinobacteria;Bifidobacteriales;Bifidobacteriaceae;Bifidobacterium;uncultured,198,0,13,38,30,15,46,100,54
Actinobacteria;Bifidobacteriales;Bifidobacteriaceae;Scardovia;Scardovia,1,0,0,0,0,0,0,1,0
Actinobacteria;Coriobacteriia;Coriobacteriales;Atopobiaceae;Atopobium;Atopobium,5,0,1,0,1,3,2,6,3
Actinobacteria;Coriobacteriia;Coriobacteriales;Atopobiaceae;Atopobium;uncultured,1,0,0,0,0,2,0,0,3
Actinobacteria;Coriobacteriia;Coriobacteriales;Atopobiaceae;Olsenella;Olsenella,8,0,1,3,4,5,4,2,5
Actinobacteria;Coriobacteriia;Coriobacteriales;Atopobiaceae;Olsenella;uncultured,4,0,0,5,0,4,3,1,0
Actinobacteria;Coriobacteriia;Coriobacteriales;Coriobacteriaceae;Collinsella;Collinsella,16,0,3,4,1,15,6,9,2
Actinobacteria;Coriobacteriia;Coriobacteriales;Coriobacteriaceae;Collinsella;gut,2,0,0,0,6,1,0,1,4
Actinobacteria;Coriobacteriia;Coriobacteriales;Coriobacteriaceae;Collinsella;uncultured,375,43,32,37,52,193,179,213,117
Actinobacteria;Coriobacteriia;Coriobacteriales;Coriobacteriaceae;Enorma;Collinsella,1,0,0,0,0,0,2,3,1
Actinobacteria;Coriobacteriia;Coriobacteriales;Eggerthellaceae;DNF00809;Coriobacteriaceae,1,0,0,0,0,0,0,0,0
Actinobacteria;Coriobacteriia;Coriobacteriales;Eggerthellaceae;Denitrobacterium;Denitrobacterium,13,1,1,1,0,9,6,15,5
Actinobacteria;Coriobacteriia;Coriobacteriales;Eggerthellaceae;Eggerthella;uncultured,1,10,0,2,0,30,2,22,5
Actinobacteria;Coriobacteriia;Coriobacteriales;Eggerthellaceae;Enterorhabdus;uncultured,8,3,6,8,4,1,5,43,9
Actinobacteria;Coriobacteriia;Coriobacteriales;Eggerthellaceae;Gordonibacter;Eggerthella,2,0,0,0,0,0,0,0,0
Actinobacteria;Coriobacteriia;Coriobacteriales;Eggerthellaceae;Senegalimassilia;uncultured,2,0,0,3,0,0,0,19,1
Actinobacteria;Coriobacteriia;Coriobacteriales;Eggerthellaceae;Slackia;Slackia,5,0,0,0,0,1,1,4,0
Actinobacteria;Coriobacteriia;Coriobacteriales;Eggerthellaceae;Slackia;uncultured,82,0,0,1,0,6,0,37,0
Actinobacteria;Coriobacteriia;Coriobacteriales;Eggerthellaceae;Slackia;unidentified,1,0,0,0,0,0,0,0,0
Actinobacteria;Coriobacteriia;Coriobacteriales;Eggerthellaceae;uncultured;uncultured,1,2,2,0,0,0,4,3,1
Actinobacteria;Coriobacteriia;OPB41;uncultured,7,1,0,0,0,0,4,4,2
Actinobacteria;Corynebacteriales;Corynebacteriaceae;Corynebacterium,2,0,0,0,1,0,0,0,1
Actinobacteria;Micrococcales;Cellulomonadaceae;Cellulomonas;Cellulomonas,3,0,0,0,0,0,0,0,0
Actinobacteria;Micrococcales;Microbacteriaceae;Galbitalea;uncultured,1,0,0,0,0,0,0,2,0
Actinobacteria;Micrococcales;Micrococcaceae;Micrococcus;Micrococcus,1,0,0,0,0,0,0,0,0
Actinobacteria;Micrococcales;Micrococcaceae;Rothia;uncultured,2,3,0,3,0,9,0,10,2
Actinobacteria;Micrococcales;Promicromonosporaceae;uncultured;uncultured,1,0,0,0,0,0,0,0,0
Actinobacteria;Micromonosporales;Micromonosporaceae;Micromonospora;Micromonospora,4,0,0,1,0,1,1,2,0
Actinobacteria;PeM15;metagenome,1,0,0,0,0,0,0,0,0
Actinobacteria;Streptomycetales;Streptomycetaceae;Streptomyces;Streptomyces,8,1,1,0,0,4,0,0,0
Atribacteria;JS1;terrestrial,1,1,0,2,0,1,2,15,0
Bacteroidetes,2,0,8,2,2,2,9,1,0
Bacteroidetes;Bacteroidia;Bacteroidales;Bacteroidaceae;Bacteroides;Bacteroides,636,1343,2043,835,1274,510,1664,387,910
Bacteroidetes;Bacteroidia;Bacteroidales;Bacteroidaceae;Bacteroides;bacterium,181,199,413,92,145,21,246,64,347
Bacteroidetes;Bacteroidia;Bacteroidales;Bacteroidaceae;Bacteroides;gut,188,139,115,65,923,49,546,85,256
Bacteroidetes;Bacteroidia;Bacteroidales;Bacteroidaceae;Bacteroides;metagenome,69,258,388,90,133,49,53,42,60
Bacteroidetes;Bacteroidia;Bacteroidales;Bacteroidaceae;Bacteroides;uncultured,2285,5357,8760,2902,4471,972,4936,1578,3959
Bacteroidetes;Bacteroidia;Bacteroidales;Bacteroidaceae;Bacteroides;unidentified,65,134,89,156,82,18,179,33,104
Bacteroidetes;Bacteroidia;Bacteroidales;Bacteroidales,12,9,28,10,17,12,15,8,15
Bacteroidetes;Bacteroidia;Bacteroidales;Barnesiellaceae;Barnesiella;Barnesiella,3,18,41,11,11,12,19,7,16
Bacteroidetes;Bacteroidia;Bacteroidales;Barnesiellaceae;Barnesiella;uncultured,5,2,3,3,0,1,0,3,0
Bacteroidetes;Bacteroidia;Bacteroidales;Barnesiellaceae;Coprobacter;uncultured,1,0,0,0,0,4,0,2,0
Bacteroidetes;Bacteroidia;Bacteroidales;Dysgonomonadaceae;Candidatus,1,0,2,0,0,3,0,0,0
Bacteroidetes;Bacteroidia;Bacteroidales;Dysgonomonadaceae;Proteiniphilum;uncultured,1,1,0,4,0,4,5,1,2
Bacteroidetes;Bacteroidia;Bacteroidales;Dysgonomonadaceae;uncultured;uncultured,1,1,0,1,0,0,0,0,0
Bacteroidetes;Bacteroidia;Bacteroidales;Marinifilaceae;Odoribacter;uncultured,7,0,49,40,53,36,22,18,41
Bacteroidetes;Bacteroidia;Bacteroidales;Muribaculaceae;Muribaculum;uncultured,1,0,0,0,0,2,0,0,0
Bacteroidetes;Bacteroidia;Bacteroidales;Muribaculaceae;gut,4,0,0,39,0,26,1,0,0
Bacteroidetes;Bacteroidia;Bacteroidales;Muribaculaceae;uncultured,18,6,69,47,3,725,6,15,2
Bacteroidetes;Bacteroidia;Bacteroidales;Porphyromonadaceae;Porphyromonas;Porphyromonas,2,0,1,6,0,2,3,3,1
Bacteroidetes;Bacteroidia;Bacteroidales;Prevotellaceae;Alloprevotella;Prevotella,1,0,0,0,0,0,0,1,0
Bacteroidetes;Bacteroidia;Bacteroidales;Prevotellaceae;Alloprevotella;gut,3,0,0,0,0,2,0,1,0
Bacteroidetes;Bacteroidia;Bacteroidales;Prevotellaceae;Alloprevotella;uncultured,58,50,138,45,85,35,32,27,24
Bacteroidetes;Bacteroidia;Bacteroidales;Prevotellaceae;Paraprevotella;Paraprevotella,14,0,0,0,0,4,0,12,0
Bacteroidetes;Bacteroidia;Bacteroidales;Prevotellaceae;Paraprevotella;gut,11,0,0,0,0,27,0,11,0
Bacteroidetes;Bacteroidia;Bacteroidales;Prevotellaceae;Paraprevotella;uncultured,265,0,0,0,0,69,0,290,0
Bacteroidetes;Bacteroidia;Bacteroidales;Prevotellaceae;Prevotella,53,141,159,51,66,12316,102,307,59
Bacteroidetes;Bacteroidia;Bacteroidales;Prevotellaceae;Prevotella;Prevotella,3,1,2,3,5,135,0,10,3
Bacteroidetes;Bacteroidia;Bacteroidales;Prevotellaceae;Prevotella;uncultured,2,0,1,2,0,133,3,8,1
Bacteroidetes;Bacteroidia;Bacteroidales;Prevotellaceae;Prevotellaceae,25,4,10,3,6,39,13,26,1
Bacteroidetes;Bacteroidia;Bacteroidales;Prevotellaceae;uncultured;Prevotella,2,1,1,0,3,36,1,24,1
Bacteroidetes;Bacteroidia;Bacteroidales;Prevotellaceae;uncultured;uncultured,1,0,1,0,0,27,0,2,0
Bacteroidetes;Bacteroidia;Bacteroidales;Prolixibacteraceae;WCHB1-32;uncultured,1,0,1,2,0,3,0,0,0
Bacteroidetes;Bacteroidia;Bacteroidales;Prolixibacteraceae;uncultured;metagenome,1,1,3,3,2,1,0,1,3
Bacteroidetes;Bacteroidia;Bacteroidales;Rikenellaceae;Alistipes;Alistipes,1,14,15,57,8,15,331,21,73
Bacteroidetes;Bacteroidia;Bacteroidales;Rikenellaceae;Alistipes;gut,5,35,15,191,38,10,31,50,142
Bacteroidetes;Bacteroidia;Bacteroidales;Rikenellaceae;Alistipes;uncultured,32,137,78,922,76,167,1157,363,833
Bacteroidetes;Bacteroidia;Bacteroidales;Rikenellaceae;Rikenella;uncultured,1,0,0,0,0,0,1,0,1
Bacteroidetes;Bacteroidia;Bacteroidales;Rikenellaceae;Rikenellaceae,20,14,31,10,9,442,26,617,8
Bacteroidetes;Bacteroidia;Bacteroidales;SB-5;metagenome,1,1,2,0,1,4,1,0,0
Bacteroidetes;Bacteroidia;Bacteroidales;SB-5;uncultured,9,6,10,5,9,0,10,3,6
Bacteroidetes;Bacteroidia;Bacteroidales;Salinivirgaceae;uncultured;uncultured,1,0,0,0,0,0,1,0,0
Bacteroidetes;Bacteroidia;Bacteroidales;Tannerellaceae;Candidatus,1,0,2,0,0,0,0,1,0
Bacteroidetes;Bacteroidia;Bacteroidales;Tannerellaceae;Macellibacteroides;uncultured,4,1,12,2,0,2,1,3,0
Bacteroidetes;Bacteroidia;Bacteroidales;Tannerellaceae;Parabacteroides;Bacteroides,1,0,5,0,0,2,0,0,0
Bacteroidetes;Bacteroidia;Bacteroidales;Tannerellaceae;Parabacteroides;Blattella,14,13,88,7,2,16,7,4,8
Bacteroidetes;Bacteroidia;Bacteroidales;Tannerellaceae;Parabacteroides;Parabacteroides,142,127,387,71,0,95,121,27,58
Bacteroidetes;Bacteroidia;Bacteroidales;Tannerellaceae;Parabacteroides;gut,265,221,679,84,1,172,161,47,113
Bacteroidetes;Bacteroidia;Bacteroidales;Tannerellaceae;Parabacteroides;metagenome,1,5,0,0,0,0,0,5,0
Bacteroidetes;Bacteroidia;Bacteroidales;Tannerellaceae;Parabacteroides;swine,1,0,2,0,0,0,0,0,0
Bacteroidetes;Bacteroidia;Bacteroidales;Tannerellaceae;Parabacteroides;uncultured,308,225,1361,88,1,254,102,73,77
Bacteroidetes;Bacteroidia;Bacteroidales;Tannerellaceae;Tannerella;Tannerella,12,12,32,15,0,39,6,2,12
Bacteroidetes;Bacteroidia;Bacteroidales;uncultured;uncultured,19,21,40,14,3,0,29,13,40
Bacteroidetes;Bacteroidia;Cytophagales;Cyclobacteriaceae;Ekhidna;uncultured,1,0,0,0,0,0,0,0,0
Bacteroidetes;Bacteroidia;Cytophagales;Microscillaceae;uncultured;uncultured,1,0,3,0,1,0,0,0,0
Bacteroidetes;Bacteroidia;Flavobacteriales;Flavobacteriaceae;Flavobacterium;Flavobacterium,1,1,6,3,4,5,1,2,2
Bacteroidetes;Bacteroidia;Flavobacteriales;Flavobacteriaceae;Lutibacter;Lutibacter,2,2,2,7,0,4,1,4,9
Bacteroidetes;Bacteroidia;Flavobacteriales;Flavobacteriaceae;Psychroflexus;uncultured,1,0,5,2,2,0,4,1,2
Bacteroidetes;Bacteroidia;Flavobacteriales;Flavobacteriaceae;uncultured;hydrothermal,1,0,0,0,0,0,0,0,0
Bacteroidetes;Bacteroidia;Sphingobacteriales;Lentimicrobiaceae;uncultured,1,1,5,1,0,1,0,1,1
Chloroflexi;Anaerolineae;SBR1031;uncultured,1,0,1,1,0,0,0,0,0
Cyanobacteria;Oxyphotobacteria;Chloroplast;Grateloupia,1,0,1,0,0,0,0,0,0
Cyanobacteria;Oxyphotobacteria;Phormidesmiales;Nodosilineaceae;Nodosilinea,1,3,2,0,1,0,3,4,2
Firmicutes,29,31,10,11,27,3,20,22,9
Firmicutes;Bacilli;Bacillales;Bacillaceae;Bacillus;Bacillus,4,1,1,4,0,4,5,8,2
Firmicutes;Bacilli;Bacillales;Bacillaceae;Bacillus;bacterium,2,4,3,0,1,3,1,2,2
Firmicutes;Bacilli;Bacillales;Family,1,0,1,0,0,2,1,0,2
Firmicutes;Bacilli;Bacillales;Listeriaceae;Brochothrix;Brochothrix,1,0,0,0,0,0,0,1,0
Firmicutes;Bacilli;Bacillales;Listeriaceae;Listeria;Listeria,2,1,6,0,2,3,0,1,1
Firmicutes;Bacilli;Bacillales;Paenibacillaceae;Ammoniphilus;uncultured,1,1,1,0,2,0,0,1,0
Firmicutes;Bacilli;Bacillales;Paenibacillaceae;Paenibacillus;Bacillus,11,5,3,3,1,3,5,19,2
Firmicutes;Bacilli;Bacillales;Paenibacillaceae;Paenibacillus;Paenibacillus,5,9,4,5,9,3,6,22,5
Firmicutes;Bacilli;Bacillales;Paenibacillaceae;Paenibacillus;Streptococcus,1,1,0,3,0,1,0,5,2
Firmicutes;Bacilli;Bacillales;Planococcaceae;Planococcus;uncultured,3,2,0,0,8,1,0,2,7
Firmicutes;Bacilli;Bacillales;Planococcaceae;Sporosarcina;Bacillus,1,0,0,0,0,0,1,0,0
Firmicutes;Bacilli;Bacillales;Staphylococcaceae;S31;Staphylococcaceae,20,10,10,2,9,2,9,15,2
Firmicutes;Bacilli;Bacillales;Staphylococcaceae;Staphylococcus;Staphylococcus,8,5,1,2,2,3,2,5,0
Firmicutes;Bacilli;Lactobacillales;Aerococcaceae;Aerococcus;Aerococcus,2,4,0,0,0,1,1,4,0
Firmicutes;Bacilli;Lactobacillales;Carnobacteriaceae;Granulicatella;uncultured,1,0,0,0,0,2,1,1,0
Firmicutes;Bacilli;Lactobacillales;Enterococcaceae;Enterococcus;Enterococcus,1,4,0,0,1,10,5,2,1
Firmicutes;Bacilli;Lactobacillales;Lactobacillaceae;Lactobacillus;Lactobacillus,2,2,7,5,9,11,21,3,1
Firmicutes;Bacilli;Lactobacillales;Lactobacillaceae;Lactobacillus;uncultured,1,0,1,0,0,0,19,2,0
Firmicutes;Bacilli;Lactobacillales;Leuconostocaceae;Leuconostoc;Leuconostoc,1,0,0,0,0,0,1,0,0
Firmicutes;Bacilli;Lactobacillales;Leuconostocaceae;Leuconostoc;Leuconostocaceae,4,1,1,0,2,0,0,0,0
Firmicutes;Bacilli;Lactobacillales;P5D1-392;uncultured,2,0,0,0,0,1,0,0,0
Firmicutes;Bacilli;Lactobacillales;Streptococcaceae;Lactococcus;Lactococcus,5,3,3,0,4,0,3,2,0
Firmicutes;Bacilli;Lactobacillales;Streptococcaceae;Streptococcus;Streptococcus,55,34,9,21,31,262,23,67,42
Firmicutes;Bacilli;Lactobacillales;Streptococcaceae;Streptococcus;metagenome,2,0,0,0,0,2,0,0,0
Firmicutes;Bacilli;Lactobacillales;Streptococcaceae;Streptococcus;uncultured,9,7,9,35,35,73,10,65,17
Firmicutes;Clostridia;Clostridiales;Christensenellaceae;Catabacter;Christensenella,5,0,0,1,0,0,0,1,1
Firmicutes;Clostridia;Clostridiales;Christensenellaceae;Catabacter;unidentified,1,0,0,0,0,0,0,0,0
Firmicutes;Clostridia;Clostridiales;Christensenellaceae;Christensenellaceae,61,10,37,71,27,50,25,1007,3
Firmicutes;Clostridia;Clostridiales;Christensenellaceae;uncultured;uncultured,2,1,0,1,4,2,2,10,1
Firmicutes;Clostridia;Clostridiales;Clostridiaceae,63,61,63,25,35,144,46,152,16
Firmicutes;Clostridia;Clostridiales;Defluviitaleaceae;Defluviitalea;Clostridiales,5,1,1,0,3,1,0,3,1
Firmicutes;Clostridia;Clostridiales;Eubacteriaceae;Acetobacterium;Acetobacterium,2,0,0,0,1,4,4,6,4
Firmicutes;Clostridia;Clostridiales;Eubacteriaceae;Anaerofustis;Anaerofustis,1,0,0,0,0,0,0,0,0
Firmicutes;Clostridia;Clostridiales;Family,6,35,21,26,32,17,23,121,30
Firmicutes;Clostridia;Clostridiales;Lachnospiraceae;Acetitomaculum;uncultured,1,1,0,3,0,0,0,0,0
Firmicutes;Clostridia;Clostridiales;Lachnospiraceae;Agathobacter;[Eubacterium,37,31,6,9,25,2,3,14,2
Firmicutes;Clostridia;Clostridiales;Lachnospiraceae;Agathobacter;[Eubacterium],9,4,1,1,4,0,0,4,0
Firmicutes;Clostridia;Clostridiales;Lachnospiraceae;Agathobacter;bacterium,1,1,0,1,0,0,0,0,0
Firmicutes;Clostridia;Clostridiales;Lachnospiraceae;Agathobacter;metagenome,100,54,24,11,44,6,5,25,4
Firmicutes;Clostridia;Clostridiales;Lachnospiraceae;Agathobacter;uncultured,1258,722,242,136,465,88,81,463,49
Firmicutes;Clostridia;Clostridiales;Lachnospiraceae;Anaerocolumna;uncultured,1,0,1,0,0,0,1,1,0
Firmicutes;Clostridia;Clostridiales;Lachnospiraceae;Anaerosporobacter;uncultured,2,0,2,1,0,0,0,1,1
Firmicutes;Clostridia;Clostridiales;Lachnospiraceae;Anaerostipes;Anaerostipes,95,105,33,28,29,9,23,51,28
Firmicutes;Clostridia;Clostridiales;Lachnospiraceae;Anaerostipes;human,68,81,21,13,9,4,9,23,15
Firmicutes;Clostridia;Clostridiales;Lachnospiraceae;Anaerostipes;metagenome,1,0,0,1,0,0,0,3,0
Firmicutes;Clostridia;Clostridiales;Lachnospiraceae;Anaerostipes;uncultured,549,756,168,167,46,25,94,137,110
Firmicutes;Clostridia;Clostridiales;Lachnospiraceae;Blautia;Blautia,46,62,20,9,12,6,31,53,19
Firmicutes;Clostridia;Clostridiales;Lachnospiraceae;Blautia;Ruminococcus,2,1,1,0,2,0,1,3,0
Firmicutes;Clostridia;Clostridiales;Lachnospiraceae;Blautia;metagenome,114,84,43,4,31,24,36,78,38
Firmicutes;Clostridia;Clostridiales;Lachnospiraceae;Blautia;uncultured,691,880,314,114,289,150,351,772,259
Firmicutes;Clostridia;Clostridiales;Lachnospiraceae;Blautia;unidentified,4,1,0,0,0,0,0,0,1
Firmicutes;Clostridia;Clostridiales;Lachnospiraceae;Butyrivibrio,2,2,1,0,0,0,1,3,0
Firmicutes;Clostridia;Clostridiales;Lachnospiraceae;Butyrivibrio;uncultured,2,3,0,2,1,1,0,1,1
Firmicutes;Clostridia;Clostridiales;Lachnospiraceae;Coprococcus,112,186,44,13,32,62,43,216,27
Firmicutes;Clostridia;Clostridiales;Lachnospiraceae;Dorea;Dorea,7,6,3,0,6,4,5,9,0
Firmicutes;Clostridia;Clostridiales;Lachnospiraceae;Dorea;metagenome,2,23,9,4,9,17,35,49,15
Firmicutes;Clostridia;Clostridiales;Lachnospiraceae;Dorea;uncultured,38,71,21,19,30,41,80,123,27
Firmicutes;Clostridia;Clostridiales;Lachnospiraceae;Eisenbergiella;Eisenbergiella,3,3,16,6,6,12,3,16,4
Firmicutes;Clostridia;Clostridiales;Lachnospiraceae;Fusicatenibacter;Fusicatenibacter,4,11,0,0,2,0,0,1,0
Firmicutes;Clostridia;Clostridiales;Lachnospiraceae;Fusicatenibacter;metagenome,37,16,4,3,2,3,1,13,6
Firmicutes;Clostridia;Clostridiales;Lachnospiraceae;Fusicatenibacter;uncultured,654,357,89,37,95,29,68,255,80
Firmicutes;Clostridia;Clostridiales;Lachnospiraceae;GCA-900066575;uncultured,9,6,3,0,5,5,0,10,1
Firmicutes;Clostridia;Clostridiales;Lachnospiraceae;Hungatella;bacterium,3,1,0,0,0,0,0,0,0
Firmicutes;Clostridia;Clostridiales;Lachnospiraceae;Lachnoclostridium,103,60,27,10,16,16,26,79,20
Firmicutes;Clostridia;Clostridiales;Lachnospiraceae;Lachnoclostridium;Lachnoclostridium,2,4,2,1,4,0,3,1,0
Firmicutes;Clostridia;Clostridiales;Lachnospiraceae;Lachnoclostridium;[Clostridium],16,15,2,3,15,6,10,18,6
Firmicutes;Clostridia;Clostridiales;Lachnospiraceae;Lachnoclostridium;bacterium,1,0,0,0,0,0,0,0,0
Firmicutes;Clostridia;Clostridiales;Lachnospiraceae;Lachnoclostridium;gut,1,1,0,0,0,0,0,0,0
Firmicutes;Clostridia;Clostridiales;Lachnospiraceae;Lachnoclostridium;human,8,11,10,2,14,1,11,3,2
Firmicutes;Clostridia;Clostridiales;Lachnospiraceae;Lachnoclostridium;metagenome,1,0,2,0,0,0,1,3,0
Firmicutes;Clostridia;Clostridiales;Lachnospiraceae;Lachnoclostridium;uncultured,104,102,42,20,69,22,45,326,28
Firmicutes;Clostridia;Clostridiales;Lachnospiraceae;Lachnoclostridium;unidentified,1,0,0,0,0,1,0,1,0
Firmicutes;Clostridia;Clostridiales;Lachnospiraceae;Lachnospira;Lachnospira,4,4,6,2,0,0,0,1,0
Firmicutes;Clostridia;Clostridiales;Lachnospiraceae;Lachnospira;gut,11,0,15,5,1,1,0,2,0
Firmicutes;Clostridia;Clostridiales;Lachnospiraceae;Lachnospira;uncultured,116,10,206,36,61,28,8,86,5
Firmicutes;Clostridia;Clostridiales;Lachnospiraceae;Lachnospira;unidentified,3,0,5,0,3,1,0,0,0
Firmicutes;Clostridia;Clostridiales;Lachnospiraceae;Lachnospiraceae,405,675,617,198,211,222,325,541,139
Firmicutes;Clostridia;Clostridiales;Lachnospiraceae;Lachnotalea;Lachnotalea,1,3,0,2,1,0,1,3,1
Firmicutes;Clostridia;Clostridiales;Lachnospiraceae;Marvinbryantia;Marvinbryantia,1,1,1,0,0,0,0,0,0
Firmicutes;Clostridia;Clostridiales;Lachnospiraceae;Marvinbryantia;metagenome,2,0,0,0,2,1,2,2,0
Firmicutes;Clostridia;Clostridiales;Lachnospiraceae;Marvinbryantia;uncultured,32,13,13,8,10,8,14,25,9
Firmicutes;Clostridia;Clostridiales;Lachnospiraceae;Moryella;uncultured,1,6,18,3,2,2,3,10,1
Firmicutes;Clostridia;Clostridiales;Lachnospiraceae;Pseudobutyrivibrio;Butyrivibrio,4,20,2,3,2,0,1,4,1
Firmicutes;Clostridia;Clostridiales;Lachnospiraceae;Pseudobutyrivibrio;Pseudobutyrivibrio,2,0,0,0,2,0,0,2,0
Firmicutes;Clostridia;Clostridiales;Lachnospiraceae;Pseudobutyrivibrio;uncultured,3,24,3,1,0,0,1,5,0
Firmicutes;Clostridia;Clostridiales;Lachnospiraceae;Robinsoniella;Robinsoniella,4,0,4,0,2,2,0,0,0
Firmicutes;Clostridia;Clostridiales;Lachnospiraceae;Roseburia;Butyrivibrio,3,7,5,0,0,0,1,12,1
Firmicutes;Clostridia;Clostridiales;Lachnospiraceae;Roseburia;Roseburia,51,78,31,12,15,9,18,45,6
Firmicutes;Clostridia;Clostridiales;Lachnospiraceae;Roseburia;metagenome,4,63,12,2,1,2,3,7,0
Firmicutes;Clostridia;Clostridiales;Lachnospiraceae;Roseburia;uncultured,381,485,196,69,151,111,246,380,43
Firmicutes;Clostridia;Clostridiales;Lachnospiraceae;Roseburia;unidentified,1,0,0,0,0,1,0,1,0
Firmicutes;Clostridia;Clostridiales;Lachnospiraceae;Sellimonas;uncultured,1,19,3,6,2,0,0,8,1
Firmicutes;Clostridia;Clostridiales;Lachnospiraceae;Syntrophococcus;uncultured,1,0,2,0,0,5,0,0,0
Firmicutes;Clostridia;Clostridiales;Lachnospiraceae;Tyzzerella,104,6,15,0,9,4,7,15,4
Firmicutes;Clostridia;Clostridiales;Lachnospiraceae;Tyzzerella;uncultured,3,4,10,1,1,1,8,1,2
Firmicutes;Clostridia;Clostridiales;Lachnospiraceae;[Acetivibrio],38,36,6,6,23,7,11,30,1
Firmicutes;Clostridia;Clostridiales;Lachnospiraceae;[Eubacterium],330,326,388,192,243,78,183,303,126
Firmicutes;Clostridia;Clostridiales;Lachnospiraceae;[Ruminococcus],345,265,88,21,374,96,52,222,167
Firmicutes;Clostridia;Clostridiales;Lachnospiraceae;uncultured;butyrate-producing,1,1,3,0,2,0,0,1,1
Firmicutes;Clostridia;Clostridiales;Lachnospiraceae;uncultured;metagenome,2,0,0,0,4,0,0,0,1
Firmicutes;Clostridia;Clostridiales;Lachnospiraceae;uncultured;uncultured,123,169,71,31,74,39,74,129,61
Firmicutes;Clostridia;Clostridiales;Peptococcaceae;Desulfosporosinus;Desulfosporosinus,1,0,0,0,0,1,3,0,2
Firmicutes;Clostridia;Clostridiales;Peptococcaceae;Peptococcus;uncultured,1,0,4,0,0,0,0,14,0
Firmicutes;Clostridia;Clostridiales;Peptococcaceae;SCADC1-2-3;terrestrial,1,2,0,0,1,0,0,0,0
Firmicutes;Clostridia;Clostridiales;Peptococcaceae;uncultured;metagenome,1,0,0,0,0,0,0,5,0
Firmicutes;Clostridia;Clostridiales;Peptococcaceae;uncultured;uncultured,1,1,0,0,0,1,1,21,0
Firmicutes;Clostridia;Clostridiales;Peptostreptococcaceae;Clostridioides;Clostridioides,12,0,2,0,0,3,2,1,0
Firmicutes;Clostridia;Clostridiales;Peptostreptococcaceae;Intestinibacter;uncultured,4,6,0,0,7,13,10,11,0
Firmicutes;Clostridia;Clostridiales;Peptostreptococcaceae;Paeniclostridium;uncultured,1,0,0,0,0,0,0,1,0
Firmicutes;Clostridia;Clostridiales;Peptostreptococcaceae;Paraclostridium;Paraclostridium,1,0,0,0,0,1,0,1,0
Firmicutes;Clostridia;Clostridiales;Peptostreptococcaceae;Peptoclostridium;uncultured,4,0,2,1,1,11,4,9,1
Firmicutes;Clostridia;Clostridiales;Peptostreptococcaceae;Romboutsia;Romboutsia,3,1,1,1,2,38,10,15,0
Firmicutes;Clostridia;Clostridiales;Peptostreptococcaceae;Romboutsia;uncultured,7,9,4,14,5,183,89,103,10
Firmicutes;Clostridia;Clostridiales;Peptostreptococcaceae;Terrisporobacter;uncultured,3,7,0,0,5,16,3,6,0
Firmicutes;Clostridia;Clostridiales;Peptostreptococcaceae;uncultured;uncultured,3,7,7,6,8,19,15,30,5
Firmicutes;Clostridia;Clostridiales;Ruminococcaceae;Acetanaerobacterium;uncultured,1,0,0,1,0,1,4,1,7
Firmicutes;Clostridia;Clostridiales;Ruminococcaceae;Butyricicoccus;uncultured,43,19,76,34,2,17,44,42,17
Firmicutes;Clostridia;Clostridiales;Ruminococcaceae;CAG-352;uncultured,16,14,6,2,4,1,7,29,3
Firmicutes;Clostridia;Clostridiales;Ruminococcaceae;Caproiciproducens;Clostridium,1,8,0,4,0,1,2,19,3
Firmicutes;Clostridia;Clostridiales;Ruminococcaceae;Faecalibacterium;Faecalibacterium,21,44,17,8,16,10,19,16,9
Firmicutes;Clostridia;Clostridiales;Ruminococcaceae;Faecalibacterium;gut,5,23,8,4,7,0,7,3,0
Firmicutes;Clostridia;Clostridiales;Ruminococcaceae;Faecalibacterium;metagenome,31,50,22,28,12,16,19,35,4
Firmicutes;Clostridia;Clostridiales;Ruminococcaceae;Faecalibacterium;uncultured,1287,1907,1234,603,519,524,1038,851,304
Firmicutes;Clostridia;Clostridiales;Ruminococcaceae;Flavonifractor;Flavonifractor,33,1,4,11,1,1,11,2,1
Firmicutes;Clostridia;Clostridiales;Ruminococcaceae;Flavonifractor;uncultured,55,6,1,0,2,0,3,0,7
Firmicutes;Clostridia;Clostridiales;Ruminococcaceae;Flavonifractor;unidentified,4,0,0,0,0,0,0,0,2
Firmicutes;Clostridia;Clostridiales;Ruminococcaceae;Fournierella;uncultured,2,2,6,1,1,2,1,6,4
Firmicutes;Clostridia;Clostridiales;Ruminococcaceae;Intestinimonas;Intestinimonas,1,1,1,3,0,1,9,2,3
Firmicutes;Clostridia;Clostridiales;Ruminococcaceae;Intestinimonas;uncultured,2,8,6,5,0,0,8,5,2
Firmicutes;Clostridia;Clostridiales;Ruminococcaceae;Negativibacillus;uncultured,1,6,5,0,2,23,3,7,1
Firmicutes;Clostridia;Clostridiales;Ruminococcaceae;Oscillibacter;Oscillibacter,4,7,3,8,2,4,2,15,14
Firmicutes;Clostridia;Clostridiales;Ruminococcaceae;Oscillibacter;uncultured,10,27,24,31,6,13,14,27,35
Firmicutes;Clostridia;Clostridiales;Ruminococcaceae;Oscillospira;uncultured,5,1,0,4,2,0,1,3,2
Firmicutes;Clostridia;Clostridiales;Ruminococcaceae;Ruminiclostridium,121,55,268,49,37,70,119,263,80
Firmicutes;Clostridia;Clostridiales;Ruminococcaceae;Ruminococcaceae,161,318,457,482,356,414,113,1544,376
Firmicutes;Clostridia;Clostridiales;Ruminococcaceae;Ruminococcus,94,418,68,97,28,248,129,569,117
Firmicutes;Clostridia;Clostridiales;Ruminococcaceae;Subdoligranulum;metagenome,22,16,3,5,1,7,21,17,6
Firmicutes;Clostridia;Clostridiales;Ruminococcaceae;Subdoligranulum;uncultured,649,358,149,214,95,134,477,695,233
Firmicutes;Clostridia;Clostridiales;Ruminococcaceae;Subdoligranulum;unidentified,1,0,0,0,1,0,0,0,0
Firmicutes;Clostridia;Clostridiales;Ruminococcaceae;UBA1819;Ruthenibacterium,28,10,4,8,9,6,15,16,20
Firmicutes;Clostridia;Clostridiales;Ruminococcaceae;UBA1819;uncultured,37,7,5,10,2,7,73,29,129
Firmicutes;Clostridia;Clostridiales;Ruminococcaceae;[Eubacterium],16,97,14,629,2,337,256,1220,907
Firmicutes;Clostridia;Clostridiales;Ruminococcaceae;uncultured;Intestinimonas,2,1,0,1,1,0,1,2,0
Firmicutes;Clostridia;Clostridiales;Ruminococcaceae;uncultured;Teleopsis,1,0,0,1,0,0,0,0,0
Firmicutes;Clostridia;Clostridiales;Ruminococcaceae;uncultured;uncultured,111,50,95,75,29,138,61,296,135
Firmicutes;Clostridia;Clostridiales;Syntrophomonadaceae;Dethiobacter;uncultured,1,0,0,0,0,0,1,0,0
Firmicutes;Clostridia;Thermoanaerobacterales;Family,4,0,1,1,0,0,0,1,0
Firmicutes;Erysipelotrichia;Erysipelotrichales;Erysipelotrichaceae;Candidatus,5,3,3,0,1,0,2,4,3
Firmicutes;Erysipelotrichia;Erysipelotrichales;Erysipelotrichaceae;Catenibacterium;uncultured,3,2,0,10,173,65,2,11,4
Firmicutes;Erysipelotrichia;Erysipelotrichales;Erysipelotrichaceae;Dielma;uncultured,1,2,0,0,0,0,0,0,1
Firmicutes;Erysipelotrichia;Erysipelotrichales;Erysipelotrichaceae;Erysipelatoclostridium;Erysipelatoclostridium,4,0,4,1,0,0,0,3,0
Firmicutes;Erysipelotrichia;Erysipelotrichales;Erysipelotrichaceae;Erysipelatoclostridium;[Clostridium],4,1,2,1,10,0,2,1,1
Firmicutes;Erysipelotrichia;Erysipelotrichales;Erysipelotrichaceae;Erysipelatoclostridium;bacterium,1,0,0,0,0,0,0,0,0
Firmicutes;Erysipelotrichia;Erysipelotrichales;Erysipelotrichaceae;Erysipelatoclostridium;uncultured,63,9,11,2,16,0,2,8,2
Firmicutes;Erysipelotrichia;Erysipelotrichales;Erysipelotrichaceae;Erysipelatoclostridium;unidentified,3,1,0,0,0,0,0,1,0
Firmicutes;Erysipelotrichia;Erysipelotrichales;Erysipelotrichaceae;Erysipelothrix;Erysipelothrix,1,0,0,0,1,1,0,7,2
Firmicutes;Erysipelotrichia;Erysipelotrichales;Erysipelotrichaceae;Erysipelothrix;uncultured,1,1,1,0,2,0,0,1,2
Firmicutes;Erysipelotrichia;Erysipelotrichales;Erysipelotrichaceae;Erysipelotrichaceae,9,66,141,13,6,5,28,140,90
Firmicutes;Erysipelotrichia;Erysipelotrichales;Erysipelotrichaceae;Faecalitalea;Eubacterium,16,0,0,0,0,0,0,0,0
Firmicutes;Erysipelotrichia;Erysipelotrichales;Erysipelotrichaceae;Faecalitalea;Faecalitalea,3,0,0,0,6,4,1,8,0
Firmicutes;Erysipelotrichia;Erysipelotrichales;Erysipelotrichaceae;Faecalitalea;uncultured,61,0,0,0,0,0,1,1,0
Firmicutes;Erysipelotrichia;Erysipelotrichales;Erysipelotrichaceae;Faecalitalea;unidentified,2,0,0,0,0,0,0,0,0
Firmicutes;Erysipelotrichia;Erysipelotrichales;Erysipelotrichaceae;Holdemanella;uncultured,5,1,5,66,179,133,0,215,1
Firmicutes;Erysipelotrichia;Erysipelotrichales;Erysipelotrichaceae;Holdemania;Holdemania,1,14,3,3,3,1,12,23,24
Firmicutes;Erysipelotrichia;Erysipelotrichales;Erysipelotrichaceae;Kandleria;Kandleria,2,1,3,0,1,1,1,2,2
Firmicutes;Erysipelotrichia;Erysipelotrichales;Erysipelotrichaceae;Solobacterium;gut,1,0,0,0,0,0,0,0,0
Firmicutes;Erysipelotrichia;Erysipelotrichales;Erysipelotrichaceae;Turicibacter;Turicibacter,1,1,0,0,0,4,6,8,0
Firmicutes;Erysipelotrichia;Erysipelotrichales;Erysipelotrichaceae;Turicibacter;uncultured,74,37,26,8,12,43,54,105,13
Firmicutes;Erysipelotrichia;Erysipelotrichales;Erysipelotrichaceae;[Clostridium],16,0,9,2,8,5,7,9,3
Firmicutes;Negativicutes;Selenomonadales;Acidaminococcaceae;Phascolarctobacterium;uncultured,2,96,1,56,2,16,60,147,35
Firmicutes;Negativicutes;Selenomonadales;Acidaminococcaceae;Succiniclasticum;uncultured,1,2,1,1,1,2,0,6,1
Firmicutes;Negativicutes;Selenomonadales;Veillonellaceae;Anaerosporomusa;Anaerosporomusa,11,10,1,4,1,2,3,10,5
Firmicutes;Negativicutes;Selenomonadales;Veillonellaceae;Anaerovibrio;Anaerovibrio,1,1,0,1,0,0,1,9,0
Firmicutes;Negativicutes;Selenomonadales;Veillonellaceae;Dialister;Dialister,9,0,24,1,21,71,0,0,0
Firmicutes;Negativicutes;Selenomonadales;Veillonellaceae;Dialister;gut,8,0,16,2,25,118,0,0,0
Firmicutes;Negativicutes;Selenomonadales;Veillonellaceae;Dialister;uncultured,132,0,255,4,147,1027,3,4,5
Firmicutes;Negativicutes;Selenomonadales;Veillonellaceae;Megasphaera;Megasphaera,14,0,14,9,2,118,0,4,0
Firmicutes;Negativicutes;Selenomonadales;Veillonellaceae;Megasphaera;uncultured,1,0,0,16,0,64,0,0,1
Firmicutes;Negativicutes;Selenomonadales;Veillonellaceae;Negativicoccus;Tissierellia,1,0,0,0,0,0,0,0,0
Firmicutes;Negativicutes;Selenomonadales;Veillonellaceae;Veillonella;Veillonella,4,5,1,0,3,32,0,9,4
Firmicutes;Negativicutes;Selenomonadales;Veillonellaceae;Veillonella;uncultured,16,10,2,6,1,40,1,7,4
Firmicutes;Negativicutes;Selenomonadales;Veillonellaceae;Veillonella;unidentified,1,0,2,0,0,2,0,2,0
Firmicutes;Negativicutes;Selenomonadales;Veillonellaceae;uncultured;Mitsuokella,1,1,0,0,0,0,0,0,0
Gemmatimonadetes;Gemmatimonadales;Gemmatimonadaceae;uncultured;uncultured,1,0,0,1,0,1,0,0,0
Halanaerobiaeota;Halanaerobiia;Halanaerobiales;Halobacteroidaceae;Fuchsiella;Fuchsiella,1,0,0,0,0,0,0,0,0
Kiritimatiellaeota;Kiritimatiellae;WCHB1-41;uncultured,1,0,0,0,1,0,0,0,0
Nitrospirae;Thermodesulfovibrionia;uncultured;marine,1,0,0,0,0,1,0,0,0
Patescibacteria;Berkelbacteria;Candidatus,1,0,0,1,0,2,0,8,0
Patescibacteria;Berkelbacteria;uncultured,1,0,0,0,0,0,0,0,0
Patescibacteria;Microgenomatia;Candidatus,1,0,0,0,0,1,0,3,1
Patescibacteria;Saccharimonadia;Saccharimonadales;Candidatus,1,0,0,0,0,0,0,0,0
Patescibacteria;Saccharimonadia;Saccharimonadales;Saccharimonadaceae;uncultured,5,2,0,0,0,0,0,1,0
Patescibacteria;Saccharimonadia;Saccharimonadales;metagenome,1,0,0,0,0,0,0,0,0
Proteobacteria;Alphaproteobacteria;Rhizobiales;Rhizobiaceae;Allorhizobium-Neorhizobium-Pararhizobium-Rhizobium;Rhizobium,1,0,0,0,0,0,0,1,0
Proteobacteria;Alphaproteobacteria;Rhodobacterales;Rhodobacteraceae;Roseovarius;Roseovarius,7,0,0,1,0,0,0,0,0
Proteobacteria;Alphaproteobacteria;uncultured;uncultured,1,0,0,0,0,1,0,1,0
Proteobacteria;Deltaproteobacteria;Desulfobacterales;Desulfobulbaceae;uncultured;uncultured,1,0,0,0,0,0,1,0,0
Proteobacteria;Deltaproteobacteria;Desulfovibrionales;Desulfomicrobiaceae;Desulfomicrobium;uncultured,2,0,0,0,0,0,0,0,0
Proteobacteria;Deltaproteobacteria;Desulfovibrionales;Desulfovibrionaceae;Bilophila;Bilophila,11,9,2,2,0,0,3,0,0
Proteobacteria;Deltaproteobacteria;Desulfovibrionales;Desulfovibrionaceae;Bilophila;gut,17,7,0,5,2,1,2,0,0
Proteobacteria;Deltaproteobacteria;Desulfovibrionales;Desulfovibrionaceae;Bilophila;uncultured,313,62,15,72,4,31,36,1,40
Proteobacteria;Deltaproteobacteria;Desulfovibrionales;Desulfovibrionaceae;Desulfovibrio;Candidatus,6,2,0,1,1,1,0,0,1
Proteobacteria;Deltaproteobacteria;Desulfovibrionales;Desulfovibrionaceae;Desulfovibrio;Desulfovibrio,6,3,0,6,1,5,2,41,0
Proteobacteria;Deltaproteobacteria;Desulfovibrionales;Desulfovibrionaceae;Desulfovibrio;bacterium,1,0,0,1,0,0,1,11,0
Proteobacteria;Deltaproteobacteria;Desulfovibrionales;Desulfovibrionaceae;Lawsonia;Lawsonia,7,2,1,2,0,0,1,0,1
Proteobacteria;Deltaproteobacteria;Desulfovibrionales;Desulfovibrionaceae;uncultured;uncultured,1,0,0,1,19,1,0,0,0
Proteobacteria;Gammaproteobacteria;Betaproteobacteriales;Burkholderiaceae;Burkholderia-Caballeronia-Paraburkholderia;Burkholderia,1,0,1,0,0,0,0,0,0
Proteobacteria;Gammaproteobacteria;Betaproteobacteriales;Burkholderiaceae;Lautropia;uncultured,1,0,0,0,0,0,0,0,0
Proteobacteria;Gammaproteobacteria;Betaproteobacteriales;Burkholderiaceae;Parasutterella;gut,1,0,0,0,1,0,0,0,0
Proteobacteria;Gammaproteobacteria;Betaproteobacteriales;Burkholderiaceae;Pusillimonas;uncultured,1,0,0,0,0,0,0,0,0
Proteobacteria;Gammaproteobacteria;Betaproteobacteriales;Burkholderiaceae;Sutterella;Sutterella,2,0,0,0,0,0,1,0,0
Proteobacteria;Gammaproteobacteria;Betaproteobacteriales;Burkholderiaceae;Sutterella;gut,3,0,0,32,1,3,4,0,1
Proteobacteria;Gammaproteobacteria;Betaproteobacteriales;Burkholderiaceae;Sutterella;metagenome,2,0,0,0,0,1,2,0,0
Proteobacteria;Gammaproteobacteria;Betaproteobacteriales;Burkholderiaceae;Sutterella;uncultured,38,29,5,145,5,23,19,4,18
Proteobacteria;Gammaproteobacteria;Enterobacteriales;Enterobacteriaceae;Enterobacter;Enterobacter,12,16,2,2,27,64,8,553,11
Proteobacteria;Gammaproteobacteria;Enterobacteriales;Enterobacteriaceae;Enterobacter;uncultured,1,4,0,1,0,2,0,32,0
Proteobacteria;Gammaproteobacteria;Enterobacteriales;Enterobacteriaceae;Escherichia-Shigella;Escherichia,33,10,2,12,45,15,40,163,45
Proteobacteria;Gammaproteobacteria;Enterobacteriales;Enterobacteriaceae;Escherichia-Shigella;Shigella,1,0,0,0,0,0,1,0,1
Proteobacteria;Gammaproteobacteria;Enterobacteriales;Enterobacteriaceae;Escherichia-Shigella;metagenome,1,0,0,0,3,0,0,3,1
Proteobacteria;Gammaproteobacteria;Enterobacteriales;Enterobacteriaceae;Escherichia-Shigella;uncultured,10,5,1,3,15,4,10,20,14
Proteobacteria;Gammaproteobacteria;Enterobacteriales;Enterobacteriaceae;Klebsiella;Klebsiella,2,20,0,0,3,14,0,363,0
Proteobacteria;Gammaproteobacteria;Enterobacteriales;Enterobacteriaceae;Pantoea;Type-B,2,4,0,1,0,23,1,23,0
Proteobacteria;Gammaproteobacteria;Enterobacteriales;Enterobacteriaceae;Salmonella;Salmonella,5,1,0,0,6,5,2,17,3
Proteobacteria;Gammaproteobacteria;Enterobacteriales;Enterobacteriaceae;Serratia;Serratia,2,4,0,0,2,5,2,78,0
Proteobacteria;Gammaproteobacteria;Pasteurellales;Pasteurellaceae;Muribacter;Muribacter,1,2,0,0,0,1,0,0,0
Proteobacteria;Gammaproteobacteria;Pseudomonadales;Pseudomonadaceae;Pseudomonas;Pseudomonas,2,0,2,0,0,7,0,7,0
Proteobacteria;Gammaproteobacteria;Xanthomonadales;Xanthomonadaceae;Stenotrophomonas;Stenotrophomonas,1,0,1,0,0,0,0,1,0
Spirochaetes;Spirochaetia;Spirochaetales;Spirochaetaceae;Spirochaeta,1,0,0,0,0,0,0,0,0
Synergistetes;Synergistia;Synergistales;Synergistaceae;Aminobacterium;uncultured,1,0,0,0,0,0,0,0,0
Synergistetes;Synergistia;Synergistales;Synergistaceae;Fretibacterium;uncultured,1,0,0,1,0,0,0,2,0
Tenericutes;Mollicutes;Acholeplasmatales;Acholeplasmataceae;Acholeplasma;Acholeplasma,4,2,0,1,8,1,1,3,0
Tenericutes;Mollicutes;Izimaplasmatales;uncultured,1,0,0,0,0,0,0,1,0
Verrucomicrobiales;Akkermansiaceae;Akkermansia;uncultured,32,9,411,190,16,278,410,25,4
Actinobacteria;Coriobacteriia;Coriobacteriales;Atopobiaceae;Coriobacteriaceae,0,1,9,0,0,2,0,8,1
Actinobacteria;Coriobacteriia;Coriobacteriales;Eggerthellaceae;Adlercreutzia;Adlercreutzia,0,1,0,0,0,0,0,0,0
Actinobacteria;Coriobacteriia;Coriobacteriales;Eggerthellaceae;Eggerthella;Eggerthella,0,4,0,0,1,1,0,2,1
Actinobacteria;Coriobacteriia;Coriobacteriales;Eggerthellaceae;Gordonibacter;Gordonibacter,0,2,1,0,0,0,0,1,1
Actinobacteria;Coriobacteriia;Coriobacteriales;Eggerthellaceae;Parvibacter;uncultured,0,1,0,0,0,0,0,0,0
Actinobacteria;Propionibacteriales;Propionibacteriaceae;Cutibacterium;Propionibacterium,0,1,0,0,1,0,0,0,0
Bacteroidetes;Bacteroidia;Bacteroidales;Bacteroidaceae;Bacteroides;human,0,37,2,0,190,0,4,5,18
Bacteroidetes;Bacteroidia;Bacteroidales;Barnesiellaceae;uncultured;uncultured,0,1,0,2,0,0,0,1,0
Bacteroidetes;Bacteroidia;Bacteroidales;Paludibacteraceae;H1;uncultured,0,1,0,0,0,0,0,0,0
Bacteroidetes;Bacteroidia;Bacteroidales;Rikenellaceae;Alistipes;human,0,1,0,9,3,0,1,4,6
Bacteroidetes;Bacteroidia;Bacteroidales;Tannerellaceae;Parabacteroides;human,0,2,0,0,0,0,0,0,0
Bacteroidetes;Bacteroidia;Bacteroidales;Tannerellaceae;Tannerella;uncultured,0,1,1,1,0,1,0,0,0
Bacteroidetes;Bacteroidia;Chitinophagales;Chitinophagaceae;Sediminibacterium;Chitinophagaceae,0,2,3,20,1,2,2,5,14
Bacteroidetes;Bacteroidia;Cytophagales;Spirosomaceae;Dyadobacter;Dyadobacter,0,2,2,2,3,5,7,1,2
Bacteroidetes;Bacteroidia;Cytophagales;Spirosomaceae;Spirosoma;Spirosoma,0,8,0,2,0,0,0,1,0
Bacteroidetes;Bacteroidia;Flavobacteriales;Cryomorphaceae;Cryomorpha;uncultured,0,1,1,0,0,1,1,0,0
Bacteroidetes;Bacteroidia;Flavobacteriales;Flavobacteriaceae;Maritimimonas;Flavobacteriaceae,0,1,0,0,0,0,0,0,0
Bacteroidetes;Bacteroidia;Sphingobacteriales;Sphingobacteriaceae;Pedobacter;uncultured,0,1,0,0,0,0,0,0,0
Chloroflexi;Anaerolineae;Anaerolineales;Anaerolineaceae;Longilinea;uncultured,0,5,0,0,0,0,1,0,4
Chloroflexi;Dehalococcoidia;SAR202,0,1,0,0,0,0,1,0,0
FJ716845.1.1527Bacteria;Dependentiae;Babeliae;Babeliales;uncultured,0,1,0,0,0,0,0,0,0
Fibrobacteres;Fibrobacteria;Fibrobacterales;Fibrobacteraceae;Fibrobacter;uncultured,0,1,1,5,1,0,1,1,2
Firmicutes;Bacilli;Bacillales;Bacillaceae;Bacillus;Paenibacillus,0,1,0,0,0,1,0,1,0
Firmicutes;Bacilli;Bacillales;Bacillaceae;Fictibacillus;Fictibacillus,0,1,0,0,0,1,0,1,0
Firmicutes;Bacilli;Lactobacillales;Leuconostocaceae;Fructobacillus;Fructobacillus,0,2,1,0,0,0,0,0,0
Firmicutes;Bacilli;Lactobacillales;Leuconostocaceae;Weissella;Weissella,0,1,0,0,0,1,2,0,2
Firmicutes;Bacilli;Lactobacillales;Streptococcaceae;Streptococcus;bacterium,0,2,0,0,0,5,0,1,0
Firmicutes;Clostridia;Clostridiales;JTB215;uncultured,0,1,0,0,0,0,0,0,0
Firmicutes;Clostridia;Clostridiales;Lachnospiraceae;Agathobacter;Eubacterium,0,1,0,0,0,0,1,0,0
Firmicutes;Clostridia;Clostridiales;Lachnospiraceae;Anaerobium;Anaerobium,0,2,0,2,0,1,0,1,2
Firmicutes;Clostridia;Clostridiales;Lachnospiraceae;Anaerocolumna;Clostridium,0,4,2,0,0,1,4,0,0
Firmicutes;Clostridia;Clostridiales;Lachnospiraceae;Blautia;butyrate-producing,0,15,1,0,1,1,9,6,4
Firmicutes;Clostridia;Clostridiales;Lachnospiraceae;CAG-56;metagenome,0,11,0,1,2,2,0,0,0
Firmicutes;Clostridia;Clostridiales;Lachnospiraceae;CAG-56;uncultured,0,6,1,0,0,4,1,1,0
Firmicutes;Clostridia;Clostridiales;Lachnospiraceae;Dorea;human,0,4,0,0,0,0,2,2,1
Firmicutes;Clostridia;Clostridiales;Lachnospiraceae;Eisenbergiella;uncultured,0,1,1,2,3,2,7,9,0
Firmicutes;Clostridia;Clostridiales;Lachnospiraceae;FD2005;uncultured,0,3,1,0,0,0,0,0,0
Firmicutes;Clostridia;Clostridiales;Lachnospiraceae;FD2005;wallaby,0,2,0,1,0,0,0,0,0
Firmicutes;Clostridia;Clostridiales;Lachnospiraceae;Hungatella;uncultured,0,2,0,0,0,0,1,0,2
Firmicutes;Clostridia;Clostridiales;Lachnospiraceae;Oribacterium;uncultured,0,2,2,3,1,0,0,2,0
Firmicutes;Clostridia;Clostridiales;Lachnospiraceae;Robinsoniella;uncultured,0,1,0,0,0,0,0,0,0
Firmicutes;Clostridia;Clostridiales;Lachnospiraceae;Shuttleworthia;Shuttleworthia,0,2,0,1,0,0,0,0,0
Firmicutes;Clostridia;Clostridiales;Lachnospiraceae;Shuttleworthia;uncultured,0,4,0,0,1,0,1,28,0
Firmicutes;Clostridia;Clostridiales;Lachnospiraceae;Tyzzerella;[Clostridium],0,1,2,0,0,0,0,1,0
Firmicutes;Clostridia;Clostridiales;Lachnospiraceae;uncultured;Lachnospiraceae,0,4,1,0,0,0,1,0,0
Firmicutes;Clostridia;Clostridiales;Peptococcaceae;Desulfosporosinus;uncultured,0,1,0,1,0,0,0,3,0
Firmicutes;Clostridia;Clostridiales;Peptococcaceae;Desulfotomaculum;Desulfotomaculum,0,1,0,0,0,0,0,0,0
Firmicutes;Clostridia;Clostridiales;Peptococcaceae;Desulfotomaculum;uncultured,0,1,0,1,0,4,2,7,0
Firmicutes;Clostridia;Clostridiales;Peptostreptococcaceae;Paeniclostridium;[Eubacterium],0,3,0,0,1,3,1,0,0
Firmicutes;Clostridia;Clostridiales;Ruminococcaceae;Anaerotruncus;uncultured,0,1,1,0,1,1,0,1,0
Firmicutes;Clostridia;Clostridiales;Ruminococcaceae;Butyricicoccus;Butyricicoccus,0,1,1,0,0,0,0,0,0
Firmicutes;Clostridia;Clostridiales;Ruminococcaceae;Caproiciproducens;Ruminococcaceae,0,7,2,0,0,0,8,17,0
Firmicutes;Clostridia;Clostridiales;Ruminococcaceae;Caproiciproducens;uncultured,0,1,0,0,1,0,1,1,0
Firmicutes;Clostridia;Clostridiales;Ruminococcaceae;Faecalibacterium;human,0,4,1,3,1,1,21,7,7
Firmicutes;Clostridia;Clostridiales;Ruminococcaceae;Hydrogenoanaerobacterium;Hydrogenoanaerobacterium,0,2,0,0,0,0,0,0,0
Firmicutes;Clostridia;Clostridiales;Ruminococcaceae;Oscillibacter;human,0,1,0,0,0,0,0,0,0
Firmicutes;Clostridia;Clostridiales;Ruminococcaceae;Phocea;uncultured,0,1,2,2,0,2,5,6,0
Firmicutes;Clostridia;Clostridiales;Ruminococcaceae;Ruminiclostridium;uncultured,0,1,2,3,0,1,2,15,1
Firmicutes;Clostridia;Clostridiales;Ruminococcaceae;Subdoligranulum;Gemmiger,0,1,0,0,0,0,8,0,0
Firmicutes;Clostridia;Clostridiales;Ruminococcaceae;Subdoligranulum;gut,0,3,1,4,1,0,10,3,1
Firmicutes;Clostridia;Clostridiales;Ruminococcaceae;Subdoligranulum;human,0,1,0,0,0,0,0,0,0
Firmicutes;Clostridia;Clostridiales;Ruminococcaceae;uncultured,0,1,0,1,0,1,2,1,2
Firmicutes;Clostridia;Clostridiales;Ruminococcaceae;uncultured;human,0,1,0,2,0,2,0,0,2
Firmicutes;Clostridia;Clostridiales;Ruminococcaceae;uncultured;metagenome,0,2,0,2,0,0,1,0,1
Firmicutes;Erysipelotrichia;Erysipelotrichales;Erysipelotrichaceae;Dielma;Clostridium,0,1,0,0,0,0,0,0,0
Firmicutes;Erysipelotrichia;Erysipelotrichales;Erysipelotrichaceae;Dielma;Dielma,0,1,0,0,0,0,0,0,0
Firmicutes;Erysipelotrichia;Erysipelotrichales;Erysipelotrichaceae;Erysipelatoclostridium;Clostridiales,0,1,0,0,0,0,0,0,0
Firmicutes;Erysipelotrichia;Erysipelotrichales;Erysipelotrichaceae;Holdemania;uncultured,0,7,3,2,3,0,6,4,10
Firmicutes;Erysipelotrichia;Erysipelotrichales;Erysipelotrichaceae;Merdibacter;uncultured,0,1,0,0,1,0,0,0,0
Firmicutes;Erysipelotrichia;Erysipelotrichales;Erysipelotrichaceae;uncultured;uncultured,0,5,23,2,1,0,5,1,0
Firmicutes;Negativicutes;Selenomonadales;Acidaminococcaceae;Acidaminococcus;uncultured,0,3,2,1,0,10,3,2,1
Firmicutes;Negativicutes;Selenomonadales;Acidaminococcaceae;Phascolarctobacterium;gut,0,4,0,2,0,0,7,2,1
Firmicutes;Negativicutes;Selenomonadales;Acidaminococcaceae;Phascolarctobacterium;wallaby,0,1,0,0,0,0,0,0,0
Firmicutes;Negativicutes;Selenomonadales;Acidaminococcaceae;uncultured;uncultured,0,1,0,0,0,0,4,2,0
Firmicutes;Negativicutes;Selenomonadales;Veillonellaceae;Acetonema;Acetonema,0,1,0,0,0,0,0,0,0
Firmicutes;Negativicutes;Selenomonadales;Veillonellaceae;Pelosinus;Pelosinus,0,1,0,0,0,0,0,0,0
Firmicutes;Negativicutes;Selenomonadales;Veillonellaceae;Pelosinus;uncultured,0,2,0,0,0,0,0,1,0
Firmicutes;Negativicutes;Selenomonadales;Veillonellaceae;Sporomusa;Sporomusa,0,2,0,1,0,1,2,1,2
Firmicutes;Negativicutes;Selenomonadales;Veillonellaceae;uncultured;uncultured,0,1,1,0,0,1,0,0,0
Proteobacteria;Alphaproteobacteria;Rhizobiales;Beijerinckiaceae;Methylobacterium;Methylobacterium,0,2,0,0,1,1,0,0,0
Proteobacteria;Alphaproteobacteria;Rhizobiales;Rhizobiaceae;Mesorhizobium;Rhizobium,0,1,0,0,0,0,0,1,0
Proteobacteria;Deltaproteobacteria;Desulfobacterales;Desulfobacteraceae;SEEP-SRB1;uncultured,0,1,0,0,0,0,1,0,0
Proteobacteria;Gammaproteobacteria;Aeromonadales;Aeromonadaceae;Aeromonas;uncultured,0,2,0,5,0,5,0,2,0
Proteobacteria;Gammaproteobacteria;Enterobacteriales;Enterobacteriaceae;Citrobacter;uncultured,0,1,0,0,0,0,0,11,0
Proteobacteria;Gammaproteobacteria;Enterobacteriales;Enterobacteriaceae;Enterobacter;Citrobacter,0,2,0,0,1,0,1,11,0
Proteobacteria;Gammaproteobacteria;Enterobacteriales;Enterobacteriaceae;Enterobacter;Klebsiella,0,7,0,0,1,5,0,90,1
Proteobacteria;Gammaproteobacteria;Enterobacteriales;Enterobacteriaceae;Erwinia;Erwinia,0,1,0,1,1,0,3,22,0
Proteobacteria;Gammaproteobacteria;Enterobacteriales;Enterobacteriaceae;Klebsiella;uncultured,0,2,0,0,0,0,0,40,0
Proteobacteria;Gammaproteobacteria;Enterobacteriales;Enterobacteriaceae;Kluyvera;Kluyvera,0,1,0,0,0,0,2,11,0
Proteobacteria;Gammaproteobacteria;Enterobacteriales;Enterobacteriaceae;Kosakonia;uncultured,0,1,0,0,3,4,0,19,2
Proteobacteria;Gammaproteobacteria;Enterobacteriales;Enterobacteriaceae;Pantoea;Pantoea,0,3,0,0,1,32,0,7,0
Proteobacteria;Gammaproteobacteria;Enterobacteriales;Enterobacteriaceae;Serratia;Rahnella,0,1,0,0,0,11,0,0,0
Proteobacteria;Gammaproteobacteria;Enterobacteriales;Enterobacteriaceae;Yersinia;Yersinia,0,2,0,0,1,2,2,34,1
Proteobacteria;Gammaproteobacteria;Orbales;Orbaceae;Gilliamella;Gilliamella,0,1,0,0,0,1,0,0,0
Proteobacteria;Gammaproteobacteria;Pasteurellales;Pasteurellaceae;Aggregatibacter;Azospirillum,0,3,0,0,1,108,0,1,0
Proteobacteria;Gammaproteobacteria;Pasteurellales;Pasteurellaceae;Aggregatibacter;uncultured,0,1,0,0,0,6,0,0,0
Proteobacteria;Gammaproteobacteria;Pasteurellales;Pasteurellaceae;Chelonobacter;Chelonobacter,0,1,0,0,0,23,0,1,0
Proteobacteria;Gammaproteobacteria;Pasteurellales;Pasteurellaceae;Haemophilus;Haemophilus,0,15,0,1,1,387,0,7,0
Proteobacteria;Gammaproteobacteria;Pasteurellales;Pasteurellaceae;Haemophilus;uncultured,0,66,0,1,12,1058,2,25,1
Proteobacteria;Gammaproteobacteria;Vibrionales;Vibrionaceae;Salinivibrio;Salinivibrio,0,1,1,0,0,0,0,0,0
AY620253.1.1200,0,0,2,0,0,0,0,0,0
Actinobacteria;Coriobacteriia;Coriobacteriales;Coriobacteriaceae;Collinsella;unidentified,0,0,1,0,0,0,4,0,0
Actinobacteria;Corynebacteriales;Nocardiaceae;Rhodococcus;uncultured,0,0,1,0,0,0,0,0,0
Actinobacteria;Micrococcales;Micrococcaceae;Arthrobacter;uncultured,0,0,1,0,0,0,0,0,0
Actinobacteria;Micrococcales;Promicromonosporaceae;Cellulosimicrobium;uncultured,0,0,1,0,0,0,0,0,0
Actinobacteria;Thermoleophilia;Solirubrobacterales;Solirubrobacteraceae;Solirubrobacter;uncultured,0,0,1,1,2,0,0,0,0
Bacteroidetes;Bacteroidia;Bacteroidales;Bacteroidaceae;Bacteroides;Bacteroidaceae,0,0,1,0,0,0,1,3,0
Bacteroidetes;Bacteroidia;Bacteroidales;Dysgonomonadaceae;Dysgonomonas;uncultured,0,0,7,0,0,1,0,0,1
Bacteroidetes;Bacteroidia;Bacteroidales;ML635J-40,0,0,1,0,0,0,0,0,0
Bacteroidetes;Bacteroidia;Bacteroidales;Marinifilaceae;Butyricimonas;Butyricimonas,0,0,7,4,0,2,0,0,0
Bacteroidetes;Bacteroidia;Bacteroidales;Marinifilaceae;Butyricimonas;Porphyromonadaceae,0,0,2,0,0,0,0,0,0
Bacteroidetes;Bacteroidia;Bacteroidales;Marinifilaceae;Butyricimonas;uncultured,0,0,41,25,0,51,32,3,0
Bacteroidetes;Bacteroidia;Bacteroidales;Marinifilaceae;Butyricimonas;unidentified,0,0,4,2,0,5,5,1,0
Bacteroidetes;Bacteroidia;Bacteroidales;Marinifilaceae;Odoribacter;Odoribacter,0,0,10,10,5,13,5,0,7
Bacteroidetes;Bacteroidia;Bacteroidales;Marinifilaceae;Odoribacter;gut,0,0,10,8,6,7,2,0,6
Bacteroidetes;Bacteroidia;Bacteroidales;Marinifilaceae;Odoribacter;unidentified,0,0,1,3,0,0,0,2,0
Bacteroidetes;Bacteroidia;Bacteroidales;Marinifilaceae;Sanguibacteroides;Sanguibacteroides,0,0,4,5,1,5,3,0,3
Bacteroidetes;Bacteroidia;Bacteroidales;Muribaculaceae;Muribaculum;Parabacteroides,0,0,4,0,0,0,0,0,1
Bacteroidetes;Bacteroidia;Bacteroidales;Paludibacteraceae;F0058;Porphyromonadaceae,0,0,2,0,0,2,0,0,0
Bacteroidetes;Bacteroidia;Bacteroidales;Paludibacteraceae;uncultured;uncultured,0,0,1,0,0,0,1,0,0
Bacteroidetes;Bacteroidia;Bacteroidales;Prolixibacteraceae;uncultured;uncultured,0,0,1,1,0,0,1,0,1
Bacteroidetes;Bacteroidia;Bacteroidales;Rikenellaceae;A7P-90m;bacterium,0,0,1,0,0,0,0,0,0
Bacteroidetes;Bacteroidia;Bacteroidales;Rikenellaceae;Alistipes;Bacteroides,0,0,1,0,0,1,0,1,0
Bacteroidetes;Bacteroidia;Bacteroidales;Rikenellaceae;Alistipes;unidentified,0,0,1,9,1,1,1,7,15
Bacteroidetes;Bacteroidia;Bacteroidales;Rikenellaceae;Blvii28,0,0,1,0,0,0,2,0,0
Bacteroidetes;Bacteroidia;Bacteroidales;Rikenellaceae;uncultured;uncultured,0,0,1,3,0,1,2,2,0
Bacteroidetes;Bacteroidia;Bacteroidales;Rs-E47,0,0,1,1,0,1,0,2,2
Bacteroidetes;Bacteroidia;Flavobacteriales;Cryomorphaceae;uncultured;uncultured,0,0,1,0,0,0,0,0,0
Bacteroidetes;Bacteroidia;Flavobacteriales;Flavobacteriaceae;Maritimimonas;uncultured,0,0,2,0,0,1,2,1,0
Bacteroidetes;Bacteroidia;Flavobacteriales;Flavobacteriaceae;Sediminicola;Sediminicola,0,0,1,3,0,0,2,0,3
Bacteroidetes;Bacteroidia;Sphingobacteriales;Sphingobacteriaceae;Sphingobacterium;Sphingobacterium,0,0,3,1,0,3,0,0,2
Bacteroidetes;Ignavibacteria;OPB56;uncultured,0,0,1,0,0,0,1,2,0
Chloroflexi;Anaerolineae;Anaerolineales;Anaerolineaceae;uncultured;uncultured,0,0,1,0,0,0,0,0,1
Cyanobacteria;Oxyphotobacteria;Synechococcales;Cyanobiaceae;Cyanobium,0,0,1,0,0,0,0,0,1
Firmicutes;Bacilli;Bacillales;Bacillaceae;Bacillus;Dietzia,0,0,1,0,0,1,0,0,0
Firmicutes;Bacilli;Lactobacillales;Lactobacillaceae;Pediococcus;Pediococcus,0,0,2,0,0,1,0,2,0
Firmicutes;Clostridia;Clostridiales;Clostridiales,0,0,1,5,1,0,0,68,0
Firmicutes;Clostridia;Clostridiales;Defluviitaleaceae;Defluviitaleaceae,0,0,4,0,0,1,0,3,0
Firmicutes;Clostridia;Clostridiales;Lachnospiraceae;Cellulosilyticum;uncultured,0,0,1,0,0,0,0,0,0
Firmicutes;Clostridia;Clostridiales;Lachnospiraceae;Eisenbergiella;bacterium,0,0,1,0,0,0,0,0,0
Firmicutes;Clostridia;Clostridiales;Lachnospiraceae;[Bacteroides],0,0,2,0,0,0,1,2,0
Firmicutes;Clostridia;Clostridiales;Lachnospiraceae;uncultured;human,0,0,1,0,0,0,1,0,0
Firmicutes;Clostridia;Clostridiales;Peptostreptococcaceae;[Eubacterium],0,0,1,0,0,0,0,1,0
Firmicutes;Clostridia;Clostridiales;Ruminococcaceae;Fastidiosipila;uncultured,0,0,1,0,0,0,0,2,0
Firmicutes;Clostridia;Clostridiales;Ruminococcaceae;Hydrogenoanaerobacterium;Ruminococcaceae,0,0,4,5,0,0,1,0,3
Firmicutes;Clostridia;Clostridiales;Ruminococcaceae;Hydrogenoanaerobacterium;Selenomonadales,0,0,2,0,0,0,0,0,0
Firmicutes;Clostridia;Clostridiales;Ruminococcaceae;uncultured;iron-reducing,0,0,1,0,0,1,0,0,0
Firmicutes;Negativicutes;Selenomonadales;Veillonellaceae;Dialister;human,0,0,4,0,0,0,0,0,0
Firmicutes;Negativicutes;Selenomonadales;Veillonellaceae;Dialister;metagenome,0,0,1,0,0,0,0,0,0
Firmicutes;Negativicutes;Selenomonadales;Veillonellaceae;Dialister;unidentified,0,0,4,0,0,2,0,0,0
Firmicutes;Negativicutes;Selenomonadales;Veillonellaceae;Mitsuokella;uncultured,0,0,29,1,0,2,0,0,0
Firmicutes;Negativicutes;Selenomonadales;Veillonellaceae;Quinella;Quinella,0,0,1,0,0,0,0,0,0
Lentisphaerae;Lentisphaeria;Victivallales;Victivallaceae;Victivallis;uncultured,0,0,1,0,0,0,0,0,0
Proteobacteria;Alphaproteobacteria;Rhizobiales;Hyphomicrobiaceae;Hyphomicrobium;uncultured,0,0,1,0,0,0,0,1,0
Proteobacteria;Gammaproteobacteria;Betaproteobacteriales;Burkholderiaceae;Caenimonas;uncultured,0,0,2,0,0,0,0,0,0
Proteobacteria;Gammaproteobacteria;Betaproteobacteriales;Burkholderiaceae;Leptothrix;Leptothrix,0,0,1,0,0,0,0,0,1
Proteobacteria;Gammaproteobacteria;Betaproteobacteriales;Burkholderiaceae;Massilia;uncultured,0,0,2,1,0,0,0,0,0
Proteobacteria;Gammaproteobacteria;Betaproteobacteriales;Burkholderiaceae;Parasutterella;Burkholderiales,0,0,27,10,27,0,0,0,0
Proteobacteria;Gammaproteobacteria;Betaproteobacteriales;Burkholderiaceae;Parasutterella;Parasutterella,0,0,7,4,8,0,0,0,0
Proteobacteria;Gammaproteobacteria;Betaproteobacteriales;Burkholderiaceae;Parasutterella;uncultured,0,0,304,85,222,3,0,0,0
Proteobacteria;Gammaproteobacteria;Betaproteobacteriales;Burkholderiaceae;Sutterella;Burkholderia,0,0,2,0,2,0,0,0,0
Proteobacteria;Gammaproteobacteria;Betaproteobacteriales;Hydrogenophilaceae;Hydrogenophilus;uncultured,0,0,1,2,0,0,1,0,0
Proteobacteria;Gammaproteobacteria;Betaproteobacteriales;Nitrosomonadaceae;Nitrosomonas;Nitrosomonas,0,0,1,0,1,0,0,0,0
Proteobacteria;Gammaproteobacteria;Betaproteobacteriales;Nitrosomonadaceae;mle1-7;uncultured,0,0,16,3,12,1,0,0,0
Proteobacteria;Gammaproteobacteria;Coxiellales;Coxiellaceae;Coxiella;Coxiella,0,0,1,0,0,0,0,0,0
Proteobacteria;Gammaproteobacteria;Pseudomonadales;Moraxellaceae;Acinetobacter;Acinetobacter,0,0,1,0,0,0,0,2,1
Tenericutes;Mollicutes;Anaeroplasmatales;Anaeroplasmataceae;Anaeroplasma;uncultured,0,0,1,0,0,1,0,0,0
Verrucomicrobiae;Chthoniobacterales;01D2Z36;uncultured,0,0,1,0,0,0,0,0,0
Verrucomicrobiae;Chthoniobacterales;Chthoniobacteraceae;Candidatus,0,0,1,1,0,0,0,0,0
Verrucomicrobiae;Methylacidiphilales;Methylacidiphilaceae;uncultured;metagenome,0,0,3,0,0,3,0,0,0
Verrucomicrobiae;Opitutales;Puniceicoccaceae;MB11C04,0,0,2,0,0,3,0,0,0
Verrucomicrobiales;Akkermansiaceae;Akkermansia;Akkermansia,0,0,37,13,2,29,70,0,0
Verrucomicrobiales;Akkermansiaceae;Akkermansia;gut,0,0,3,0,0,0,6,0,0
Verrucomicrobiales;Akkermansiaceae;Akkermansia;unidentified,0,0,1,1,0,0,0,0,0
Verrucomicrobiales;DEV007;uncultured,0,0,1,0,0,0,3,0,0
Actinobacteria;Bifidobacteriales;Bifidobacteriaceae;Bifidobacterium;unidentified,0,0,0,1,0,0,1,0,0
Actinobacteria;Coriobacteriia;Coriobacteriales;Coriobacteriales,0,0,0,2,0,1,0,3,2
Actinobacteria;Coriobacteriia;Coriobacteriales;Eggerthellaceae;Adlercreutzia;uncultured,0,0,0,1,0,0,0,0,5
Actinobacteria;Coriobacteriia;Coriobacteriales;Eggerthellaceae;Senegalimassilia;Senegalimassilia,0,0,0,2,0,0,0,6,0
Actinobacteria;Coriobacteriia;Coriobacteriales;uncultured;uncultured,0,0,0,4,0,1,0,0,0
Actinobacteria;Propionibacteriales;Propionibacteriaceae;Tessaracoccus;uncultured,0,0,0,1,0,0,0,0,0
Bacteroidetes;Bacteroidia;Bacteroidales;Barnesiellaceae;Coprobacter;Coprobacter,0,0,0,1,0,2,0,0,1
Bacteroidetes;Bacteroidia;Bacteroidales;Barnesiellaceae;uncultured;gut,0,0,0,1,0,0,0,0,0
Bacteroidetes;Bacteroidia;Bacteroidales;Dysgonomonadaceae;Proteiniphilum;Porphyromonadaceae,0,0,0,1,0,0,0,0,1
Bacteroidetes;Bacteroidia;Bacteroidales;Marinilabiliaceae;uncultured;uncultured,0,0,0,1,0,3,2,1,0
Bacteroidetes;Bacteroidia;Bacteroidales;Paludibacteraceae;Paludibacter;bacterium,0,0,0,1,0,0,0,0,0
Bacteroidetes;Bacteroidia;Bacteroidales;Tannerellaceae;Parabacteroides;Monocercomonoides,0,0,0,1,0,0,0,0,0
Bacteroidetes;Bacteroidia;Bacteroidales;Tannerellaceae;Parabacteroides;unidentified,0,0,0,1,0,0,0,0,0
Bacteroidetes;Bacteroidia;Bacteroidales;Tannerellaceae;uncultured;Porphyromonadaceae,0,0,0,1,0,0,0,0,0
Bacteroidetes;Bacteroidia;Chitinophagales;Chitinophagaceae;Ferruginibacter;Niastella,0,0,0,1,0,0,0,0,0
Bacteroidetes;Bacteroidia;Cytophagales;Microscillaceae;Thermoflexibacter;Thermoflexibacter,0,0,0,2,0,0,0,0,0
Bacteroidetes;Bacteroidia;Flavobacteriales;Crocinitomicaceae;uncultured;uncultured,0,0,0,1,0,0,0,0,1
Bacteroidetes;Bacteroidia;Flavobacteriales;Cryomorphaceae;uncultured;Cryomorphaceae,0,0,0,4,0,0,5,0,1
Bacteroidetes;Bacteroidia;Sphingobacteriales;AKYH767;uncultured,0,0,0,1,0,0,0,0,0
Bacteroidetes;Bacteroidia;Sphingobacteriales;CMW-169;uncultured,0,0,0,1,0,0,0,0,0
Bacteroidetes;Bacteroidia;Sphingobacteriales;Sphingobacteriaceae;Mucilaginibacter;Mucilaginibacter,0,0,0,8,0,0,1,2,0
Bacteroidetes;Bacteroidia;Sphingobacteriales;Sphingobacteriaceae;Mucilaginibacter;uncultured,0,0,0,1,1,0,3,0,0
Chloroflexi;Anaerolineae;Ardenticatenales;Ardenticatenaceae;uncultured;uncultured,0,0,0,4,0,0,0,0,0
Firmicutes;Clostridia;Clostridiales;Eubacteriaceae;Eubacterium;uncultured,0,0,0,1,0,0,0,0,0
Firmicutes;Clostridia;Clostridiales;Gracilibacteraceae;Gracilibacter;iron-reducing,0,0,0,1,0,1,0,5,0
Firmicutes;Clostridia;Clostridiales;Gracilibacteraceae;uncultured;uncultured,0,0,0,1,0,0,0,0,0
Firmicutes;Clostridia;Clostridiales;Lachnospiraceae;Anaerostipes;Lactobacillus,0,0,0,1,0,0,1,0,1
Firmicutes;Clostridia;Clostridiales;Lachnospiraceae;Howardella;Howardella,0,0,0,1,0,0,0,2,0
Firmicutes;Clostridia;Clostridiales;Lachnospiraceae;Howardella;uncultured,0,0,0,2,1,0,0,15,0
Firmicutes;Clostridia;Clostridiales;Lachnospiraceae;Hungatella;Clostridium,0,0,0,1,0,0,0,0,0
Firmicutes;Clostridia;Clostridiales;Ruminococcaceae;Anaerofilum;metagenome,0,0,0,4,0,0,0,1,0
Firmicutes;Clostridia;Clostridiales;Ruminococcaceae;Anaerofilum;uncultured,0,0,0,3,0,2,0,4,0
Firmicutes;Clostridia;Clostridiales;Ruminococcaceae;Anaerotruncus;Anaerotruncus,0,0,0,3,1,3,0,3,1
Firmicutes;Clostridia;Clostridiales;Ruminococcaceae;Candidatus,0,0,0,9,0,1,4,4,8
Firmicutes;Clostridia;Clostridiales;Ruminococcaceae;Faecalibacterium;Trichuris,0,0,0,12,0,5,0,0,21
Firmicutes;Clostridia;Clostridiales;Ruminococcaceae;GCA-900066225;Clostridium,0,0,0,1,0,0,0,0,0
Firmicutes;Clostridia;Clostridiales;Ruminococcaceae;GCA-900066225;uncultured,0,0,0,7,0,0,0,4,0
Firmicutes;Clostridia;Clostridiales;Ruminococcaceae;Phocea;Anaerotruncus,0,0,0,1,0,0,1,1,0
Firmicutes;Clostridia;Clostridiales;Ruminococcaceae;Phocea;Phocea,0,0,0,1,0,0,0,0,0
Firmicutes;Clostridia;Clostridiales;Ruminococcaceae;Pseudoflavonifractor;uncultured,0,0,0,1,0,0,0,1,6
Firmicutes;Clostridia;Clostridiales;Ruminococcaceae;Ruminiclostridium;metagenome,0,0,0,1,0,0,0,0,0
Firmicutes;Clostridia;Clostridiales;Ruminococcaceae;Saccharofermentans;uncultured,0,0,0,4,0,3,0,1,13
Firmicutes;Clostridia;Clostridiales;TC1;uncultured,0,0,0,1,0,0,0,0,0
Firmicutes;Erysipelotrichia;Erysipelotrichales;Erysipelotrichaceae;Faecalitalea;gut,0,0,0,6,16,9,0,31,0
Firmicutes;Erysipelotrichia;Erysipelotrichales;Erysipelotrichaceae;Holdemanella;Holdemanella,0,0,0,8,11,5,0,17,0
Firmicutes;Erysipelotrichia;Erysipelotrichales;Erysipelotrichaceae;Holdemanella;human,0,0,0,3,6,3,0,18,0
Firmicutes;Negativicutes;Selenomonadales;Acidaminococcaceae;Phascolarctobacterium;Phascolarctobacterium,0,0,0,2,0,2,0,2,1
Firmicutes;Negativicutes;Selenomonadales;Veillonellaceae;Anaerospora;uncultured,0,0,0,1,0,1,1,0,1
Firmicutes;Negativicutes;Selenomonadales;Veillonellaceae;Megasphaera;unidentified,0,0,0,1,0,0,0,0,0
Firmicutes;Negativicutes;Selenomonadales;Veillonellaceae;Negativicoccus;Negativicoccus,0,0,0,1,0,0,0,0,0
Patescibacteria;Saccharimonadia;Saccharimonadales;uncultured,0,0,0,1,0,0,0,0,0
Proteobacteria;Alphaproteobacteria;Caulobacterales;Hyphomonadaceae;Hyphomonas;Hyphomonas,0,0,0,1,0,0,0,0,0
Proteobacteria;Alphaproteobacteria;Kordiimonadales;Iodidimonadaceae;Iodidimonas;uncultured,0,0,0,1,0,0,0,0,0
Proteobacteria;Alphaproteobacteria;Paracaedibacterales;Paracaedibacteraceae;Candidatus,0,0,0,1,0,0,0,0,0
Proteobacteria;Alphaproteobacteria;Rhizobiales;Rhizobiales,0,0,0,1,0,1,0,0,0
Proteobacteria;Deltaproteobacteria;DTB120;Deltaproteobacteria,0,0,0,2,0,0,5,0,0
Proteobacteria;Deltaproteobacteria;Desulfovibrionales;Desulfovibrionaceae;Desulfovibrio;Brachyspira,0,0,0,2,0,0,0,11,0
Proteobacteria;Deltaproteobacteria;Desulfovibrionales;Desulfovibrionaceae;Desulfovibrio;uncultured,0,0,0,2,0,30,0,18,1
Proteobacteria;Gammaproteobacteria;Alteromonadales;Idiomarinaceae;Idiomarina;uncultured,0,0,0,1,0,0,0,0,0
Proteobacteria;Gammaproteobacteria;Betaproteobacteriales;Burkholderiaceae;Achromobacter;Achromobacter,0,0,0,1,0,0,0,0,0
Proteobacteria;Gammaproteobacteria;Betaproteobacteriales;Burkholderiaceae;Oxalobacter;Oxalobacter,0,0,0,3,1,1,0,2,4
Proteobacteria;Gammaproteobacteria;Betaproteobacteriales;Burkholderiaceae;Oxalobacter;uncultured,0,0,0,1,3,1,0,11,7
Proteobacteria;Gammaproteobacteria;Betaproteobacteriales;Burkholderiaceae;Oxalobacter;unidentified,0,0,0,1,0,0,0,0,0
Proteobacteria;Gammaproteobacteria;Betaproteobacteriales;Burkholderiaceae;Polynucleobacter;uncultured,0,0,0,1,0,0,0,1,0
Proteobacteria;Gammaproteobacteria;Betaproteobacteriales;Burkholderiaceae;Sphaerotilus;uncultured,0,0,0,7,0,0,0,0,0
Proteobacteria;Gammaproteobacteria;Betaproteobacteriales;Burkholderiaceae;uncultured;uncultured,0,0,0,4,0,0,1,0,0
Proteobacteria;Gammaproteobacteria;Betaproteobacteriales;Hydrogenophilaceae;uncultured;denitrifying,0,0,0,1,0,1,0,2,1
Proteobacteria;Gammaproteobacteria;Betaproteobacteriales;Rhodocyclaceae;C39;beta,0,0,0,1,0,0,0,0,0
Proteobacteria;Gammaproteobacteria;Betaproteobacteriales;Rhodocyclaceae;Thauera;uncultured,0,0,0,1,0,0,0,0,0
Rokubacteria;NC10;Methylomirabilales;Methylomirabilaceae;Sh765B-TzT-35;candidate,0,0,0,2,0,0,0,0,1
Synergistetes;Synergistia;Synergistales;Synergistaceae;Cloacibacillus;Cloacibacillus,0,0,0,1,0,0,0,2,0
Tenericutes;Mollicutes;Mollicutes,0,0,0,1,2,116,1,1050,48
Verrucomicrobiales;Rubritaleaceae;Haloferula;uncultured,0,0,0,1,0,0,0,0,0
Acidobacteria;Holophagae;Subgroup,0,0,0,0,1,0,0,0,0
Actinobacteria;Propionibacteriales;Propionibacteriaceae;Cutibacterium;Cutibacterium,0,0,0,0,1,0,0,2,0
Bacteroidetes;Bacteroidia;Bacteroidales;Marinilabiliaceae;Alkaliflexus;Alkaliflexus,0,0,0,0,1,0,1,0,0
Bacteroidetes;Bacteroidia;Sphingobacteriales;Lentimicrobiaceae;denitrifying,0,0,0,0,3,3,0,0,0
Firmicutes;Bacilli;Bacillales;Paenibacillaceae;Brevibacillus;Brevibacillus,0,0,0,0,1,0,0,0,0
Firmicutes;Bacilli;Lactobacillales;Carnobacteriaceae;Granulicatella;Granulicatella,0,0,0,0,1,0,0,0,0
Firmicutes;Bacilli;Lactobacillales;Streptococcaceae;Streptococcus;unidentified,0,0,0,0,1,0,0,0,0
Firmicutes;Clostridia;Clostridiales;Christensenellaceae;Christensenella;Christensenella,0,0,0,0,1,0,0,0,0
Firmicutes;Clostridia;Clostridiales;Lachnospiraceae;Epulopiscium;Epulopiscium,0,0,0,0,2,0,0,12,0
Firmicutes;Clostridia;Clostridiales;Lachnospiraceae;Epulopiscium;uncultured,0,0,0,0,1,0,1,1,0
Firmicutes;Clostridia;Clostridiales;Lachnospiraceae;Fusicatenibacter;[Clostridium],0,0,0,0,1,0,0,0,0
Firmicutes;Clostridia;Clostridiales;Lachnospiraceae;Lachnotalea;uncultured,0,0,0,0,1,0,0,0,0
Firmicutes;Clostridia;Clostridiales;Lachnospiraceae;Sellimonas;Ruminococcus,0,0,0,0,3,0,0,0,0
Firmicutes;Clostridia;Clostridiales;Lachnospiraceae;uncultured;gut,0,0,0,0,1,0,0,0,0
Firmicutes;Clostridia;Clostridiales;Ruminococcaceae;Angelakisella;Angelakisella,0,0,0,0,1,0,0,0,0
Firmicutes;Clostridia;Clostridiales;Ruminococcaceae;DTU089;uncultured,0,0,0,0,1,3,1,3,0
Firmicutes;Clostridia;Clostridiales;Syntrophomonadaceae;Syntrophomonas;Syntrophomonas,0,0,0,0,1,0,0,0,0
Firmicutes;Clostridia;Clostridiales;uncultured;uncultured,0,0,0,0,1,0,0,0,0
Firmicutes;Erysipelotrichia;Erysipelotrichales;Erysipelotrichaceae;Catenibacterium;Catenibacterium,0,0,0,0,46,4,0,0,0
Firmicutes;Erysipelotrichia;Erysipelotrichales;Erysipelotrichaceae;Catenibacterium;metagenome,0,0,0,0,173,39,0,0,0
Firmicutes;Erysipelotrichia;Erysipelotrichales;Erysipelotrichaceae;Catenisphaera;uncultured,0,0,0,0,1,0,0,1,0
Firmicutes;Erysipelotrichia;Erysipelotrichales;Erysipelotrichaceae;Dubosiella;Dubosiella,0,0,0,0,1,0,0,0,0
Proteobacteria;Alphaproteobacteria;Sphingomonadales;Sphingomonadaceae;Novosphingobium;uncultured,0,0,0,0,1,0,0,0,0
Proteobacteria;Deltaproteobacteria;Desulfobacterales;Desulfobacteraceae;Desulfatirhabdium;denitrifying,0,0,0,0,1,0,1,0,0
Proteobacteria;Deltaproteobacteria;Syntrophobacterales;Syntrophaceae;Syntrophus;uncultured,0,0,0,0,2,0,0,1,0
Proteobacteria;Gammaproteobacteria;Alteromonadales;Pseudoalteromonadaceae;Pseudoalteromonas;Pseudoalteromonas,0,0,0,0,1,0,0,0,0
Proteobacteria;Gammaproteobacteria;Betaproteobacteriales;Burkholderiaceae;Kerstersia;uncultured,0,0,0,0,1,0,0,0,1
Proteobacteria;Gammaproteobacteria;Betaproteobacteriales;Burkholderiaceae;Polaromonas;uncultured,0,0,0,0,1,0,0,0,0
Proteobacteria;Gammaproteobacteria;Betaproteobacteriales;Burkholderiaceae;Undibacterium;beta,0,0,0,0,1,0,0,0,0
Proteobacteria;Gammaproteobacteria;Betaproteobacteriales;Methylophilaceae;OM43,0,0,0,0,1,0,0,0,1
Proteobacteria;Gammaproteobacteria;Enterobacteriales;Enterobacteriaceae;Morganella;uncultured,0,0,0,0,2,0,0,36,0
Proteobacteria;Gammaproteobacteria;Pasteurellales;Pasteurellaceae;Aggregatibacter;Aggregatibacter,0,0,0,0,1,19,0,5,0
Proteobacteria;Gammaproteobacteria;Xanthomonadales;Rhodanobacteraceae;Rhodanobacter;Rhodanobacter,0,0,0,0,1,0,0,0,0
AF328210.1.1013,0,0,0,0,0,3,0,1,0
AY882466.1.1200,0,0,0,0,0,1,0,0,0
Actinobacteria;Actinomycetales;Actinomycetaceae;Arcanobacterium;Arcanobacterium,0,0,0,0,0,1,0,0,0
Actinobacteria;Bifidobacteriales;Bifidobacteriaceae;Alloscardovia;Alloscardovia,0,0,0,0,0,1,0,0,0
Actinobacteria;Coriobacteriia;Coriobacteriales;Atopobiaceae;Libanicoccus;Libanicoccus,0,0,0,0,0,1,0,0,0
Actinobacteria;Coriobacteriia;Coriobacteriales;Atopobiaceae;Libanicoccus;metagenome,0,0,0,0,0,1,0,0,0
Actinobacteria;Coriobacteriia;Coriobacteriales;Atopobiaceae;Libanicoccus;uncultured,0,0,0,0,0,6,0,0,0
Actinobacteria;Coriobacteriia;Coriobacteriales;Eggerthellaceae;DNF00809;uncultured,0,0,0,0,0,1,0,0,0
Actinobacteria;Coriobacteriia;Coriobacteriales;Eggerthellaceae;Enterorhabdus;mouse,0,0,0,0,0,1,0,0,0
Actinobacteria;Corynebacteriales;Corynebacteriaceae;Corynebacterium;Corynebacterium,0,0,0,0,0,3,0,4,0
Actinobacteria;Micrococcales;Microbacteriaceae;Microbacterium;Microbacterium,0,0,0,0,0,1,0,0,2
Actinobacteria;Micrococcales;Micrococcaceae;Glutamicibacter;Glutamicibacter,0,0,0,0,0,2,1,0,0
Actinobacteria;Micrococcales;Micrococcaceae;Rothia;Rothia,0,0,0,0,0,1,0,2,0
Actinobacteria;Pseudonocardiales;Pseudonocardiaceae;Pseudonocardia;uncultured,0,0,0,0,0,2,0,0,0
Actinobacteria;Pseudonocardiales;Pseudonocardiaceae;Saccharopolyspora;Saccharopolyspora,0,0,0,0,0,1,0,0,0
Actinobacteria;Pseudonocardiales;Pseudonocardiaceae;Umezawaea;Umezawaea,0,0,0,0,0,2,0,0,1
Actinobacteria;Rubrobacteria;Rubrobacterales;Rubrobacteriaceae;Rubrobacter;uncultured,0,0,0,0,0,1,0,0,0
Bacteroidetes;Bacteroidia;Bacteroidales;Barnesiellaceae;Coprobacter;Gabonia,0,0,0,0,0,1,0,0,0
Bacteroidetes;Bacteroidia;Bacteroidales;F082;uncultured,0,0,0,0,0,3,3,0,0
Bacteroidetes;Bacteroidia;Bacteroidales;Marinifilaceae;Sanguibacteroides;Gabonibacter,0,0,0,0,0,1,0,1,0
Bacteroidetes;Bacteroidia;Bacteroidales;Marinilabiliaceae;uncultured;bacterium,0,0,0,0,0,2,0,0,0
Bacteroidetes;Bacteroidia;Bacteroidales;Muribaculaceae;metagenome,0,0,0,0,0,71,0,0,0
Bacteroidetes;Bacteroidia;Bacteroidales;Prevotellaceae;Prevotella;unidentified,0,0,0,0,0,1,0,0,0
Bacteroidetes;Bacteroidia;Bacteroidales;Rikenellaceae;Bact-08;Bacteroidales,0,0,0,0,0,5,0,4,0
Bacteroidetes;Bacteroidia;Bacteroidales;p-251-o5;uncultured,0,0,0,0,0,42,1,0,0
Bacteroidetes;Bacteroidia;Cytophagales;Spirosomaceae;Pseudarcicella;Pseudarcicella,0,0,0,0,0,1,0,4,0
Bacteroidetes;Bacteroidia;Flavobacteriales;Flavobacteriaceae;Flavobacterium;uncultured,0,0,0,0,0,1,0,1,0
Bacteroidetes;Bacteroidia;Sphingobacteriales;env.OPS,0,0,0,0,0,1,0,0,0
CP000678.333483.334957,0,0,0,0,0,1,0,3,0
Chlamydiae;Chlamydiales;Simkaniaceae;Candidatus,0,0,0,0,0,1,0,0,0
Cyanobacteria;Sericytochromatia;uncultured,0,0,0,0,0,1,0,0,0
Firmicutes;Bacilli;Bacillales;Paenibacillaceae;Paenibacillus;uncultured,0,0,0,0,0,1,0,0,0
Firmicutes;Bacilli;Lactobacillales;Enterococcaceae;Tetragenococcus;uncultured,0,0,0,0,0,1,0,0,0
Firmicutes;Bacilli;Lactobacillales;Lactobacillaceae;Lactobacillus;unidentified,0,0,0,0,0,1,0,0,0
Firmicutes;Bacilli;Lactobacillales;Streptococcaceae;Lactococcus;uncultured,0,0,0,0,0,1,0,0,0
Firmicutes;Clostridia;Clostridiales;Eubacteriaceae;Garciella;uncultured,0,0,0,0,0,1,0,0,0
Firmicutes;Clostridia;Clostridiales;Lachnospiraceae;A2;uncultured,0,0,0,0,0,1,0,1,0
Firmicutes;Clostridia;Clostridiales;Lachnospiraceae;Anaerosporobacter;bacterium,0,0,0,0,0,1,0,1,0
Firmicutes;Clostridia;Clostridiales;Lachnospiraceae;uncultured,0,0,0,0,0,11,0,0,0
Firmicutes;Clostridia;Clostridiales;Peptostreptococcaceae;Intestinibacter;Intestinibacter,0,0,0,0,0,1,0,0,0
Firmicutes;Clostridia;Clostridiales;Peptostreptococcaceae;Peptostreptococcus;Peptostreptococcus,0,0,0,0,0,1,0,0,0
Firmicutes;Clostridia;Clostridiales;Peptostreptococcaceae;Romboutsia;Clostridium,0,0,0,0,0,1,0,0,0
Firmicutes;Clostridia;Clostridiales;Ruminococcaceae;Ruminiclostridium;Clostridium,0,0,0,0,0,2,1,2,0
Firmicutes;Clostridia;Clostridiales;Ruminococcaceae;Ruminiclostridium;Ruminiclostridium,0,0,0,0,0,1,0,0,0
Firmicutes;Clostridia;Clostridiales;Ruminococcaceae;Ruminiclostridium;[Clostridium],0,0,0,0,0,1,0,0,0
Firmicutes;Clostridia;Clostridiales;Ruminococcaceae;uncultured;gut,0,0,0,0,0,10,0,16,5
Firmicutes;Erysipelotrichia;Erysipelotrichales;Erysipelotrichaceae;Faecalibaculum;uncultured,0,0,0,0,0,1,0,2,0
Firmicutes;Erysipelotrichia;Erysipelotrichales;Erysipelotrichaceae;[Anaerorhabdus],0,0,0,0,0,1,0,2,0
Firmicutes;Limnochordia;Limnochordales;Limnochordaceae;uncultured,0,0,0,0,0,1,0,8,0
Firmicutes;Negativicutes;Selenomonadales;Acidaminococcaceae;Acidaminococcus;Acidaminococcus,0,0,0,0,0,4,0,0,0
Firmicutes;Negativicutes;Selenomonadales;Veillonellaceae;Allisonella;uncultured,0,0,0,0,0,1,0,0,0
Firmicutes;Negativicutes;Selenomonadales;Veillonellaceae;Anaerovibrio;uncultured,0,0,0,0,0,1,0,0,0
Firmicutes;Negativicutes;Selenomonadales;Veillonellaceae;unidentified,0,0,0,0,0,1,0,0,0
Patescibacteria;Gracilibacteria;Absconditabacteriales,0,0,0,0,0,1,0,0,0
Patescibacteria;Saccharimonadia;Saccharimonadales;Saccharimonadaceae;Candidatus,0,0,0,0,0,1,0,1,0
Proteobacteria;Alphaproteobacteria;Holosporales;Holosporaceae;uncultured;Alphaproteobacteria,0,0,0,0,0,1,0,0,0
Proteobacteria;Alphaproteobacteria;Rhizobiales;Beijerinckiaceae;Methylosinus;Methylosinus,0,0,0,0,0,2,0,0,0
Proteobacteria;Alphaproteobacteria;Rhodovibrionales;Kiloniellaceae;uncultured;uncultured,0,0,0,0,0,1,0,0,0
Proteobacteria;Deltaproteobacteria;Bradymonadales;uncultured,0,0,0,0,0,1,0,0,0
Proteobacteria;Deltaproteobacteria;Desulfobacterales;Desulfobulbaceae;Desulfofustis;uncultured,0,0,0,0,0,1,0,0,0
Proteobacteria;Deltaproteobacteria;Desulfobacterales;Desulfobulbaceae;Desulfotalea;uncultured,0,0,0,0,0,5,0,5,0
Proteobacteria;Deltaproteobacteria;Desulfobacterales;Desulfobulbaceae;[Desulfobacterium],0,0,0,0,0,1,0,0,0
Proteobacteria;Deltaproteobacteria;Desulfovibrionales;Desulfovibrionaceae;Desulfovibrio;metagenome,0,0,0,0,0,6,0,0,0
Proteobacteria;Deltaproteobacteria;Desulfuromonadales;Geobacteraceae;Geobacter;uncultured,0,0,0,0,0,1,0,0,0
Proteobacteria;Gammaproteobacteria;Betaproteobacteriales;Burkholderiaceae;GKS98,0,0,0,0,0,1,0,0,0
Proteobacteria;Gammaproteobacteria;Betaproteobacteriales;Burkholderiaceae;Massilia;Sporocytophaga,0,0,0,0,0,1,0,0,0
Proteobacteria;Gammaproteobacteria;Betaproteobacteriales;Neisseriaceae;Kingella;uncultured,0,0,0,0,0,2,0,0,0
Proteobacteria;Gammaproteobacteria;Cellvibrionales;Spongiibacteraceae;BD1-7,0,0,0,0,0,1,1,0,0
Proteobacteria;Gammaproteobacteria;Chromatiales;Chromatiaceae;Halochromatium;uncultured,0,0,0,0,0,2,0,0,0
Proteobacteria;Gammaproteobacteria;Enterobacteriales;Enterobacteriaceae;Candidatus,0,0,0,0,0,3,0,0,0
Proteobacteria;Gammaproteobacteria;Enterobacteriales;Enterobacteriaceae;Citrobacter;Citrobacter,0,0,0,0,0,9,0,2,0
Proteobacteria;Gammaproteobacteria;Enterobacteriales;Enterobacteriaceae;Enterobacter;Salmonella,0,0,0,0,0,2,0,1,0
Proteobacteria;Gammaproteobacteria;Enterobacteriales;Enterobacteriaceae;Enterobacter;unidentified,0,0,0,0,0,1,0,19,0
Proteobacteria;Gammaproteobacteria;Enterobacteriales;Enterobacteriaceae;Kosakonia;Kosakonia,0,0,0,0,0,6,0,0,0
Proteobacteria;Gammaproteobacteria;Enterobacteriales;Enterobacteriaceae;Pectobacterium;Pectobacterium,0,0,0,0,0,27,0,1,0
Proteobacteria;Gammaproteobacteria;Enterobacteriales;Enterobacteriaceae;Providencia;Providencia,0,0,0,0,0,13,0,1,0
Proteobacteria;Gammaproteobacteria;Enterobacteriales;Enterobacteriaceae;Providencia;uncultured,0,0,0,0,0,1,0,0,0
Proteobacteria;Gammaproteobacteria;Enterobacteriales;Enterobacteriaceae;Serratia;uncultured,0,0,0,0,0,1,0,3,0
Proteobacteria;Gammaproteobacteria;Oceanospirillales;Nitrincolaceae;uncultured;metagenome,0,0,0,0,0,3,0,0,0
Proteobacteria;Gammaproteobacteria;Oceanospirillales;Nitrincolaceae;uncultured;uncultured,0,0,0,0,0,2,0,0,0
Proteobacteria;Gammaproteobacteria;Pasteurellales;Pasteurellaceae;Actinobacillus;Actinobacillus,0,0,0,0,0,1,0,1,0
Proteobacteria;Gammaproteobacteria;Pasteurellales;Pasteurellaceae;Actinobacillus;[Actinobacillus],0,0,0,0,0,1,0,0,0
Proteobacteria;Gammaproteobacteria;Pasteurellales;Pasteurellaceae;Actinobacillus;uncultured,0,0,0,0,0,1,0,0,0
Proteobacteria;Gammaproteobacteria;Pasteurellales;Pasteurellaceae;Avibacterium;Avibacterium,0,0,0,0,0,7,0,0,0
Proteobacteria;Gammaproteobacteria;Pasteurellales;Pasteurellaceae;Haemophilus;Streptococcus,0,0,0,0,0,1,0,0,0
Proteobacteria;Gammaproteobacteria;Pasteurellales;Pasteurellaceae;Haemophilus;[Haemophilus],0,0,0,0,0,3,0,0,0
Proteobacteria;Gammaproteobacteria;Pasteurellales;Pasteurellaceae;Mannheimia;Mannheimia,0,0,0,0,0,13,0,1,0
Proteobacteria;Gammaproteobacteria;Pasteurellales;Pasteurellaceae;Otariodibacter;Otariodibacter,0,0,0,0,0,1,0,0,0
Proteobacteria;Gammaproteobacteria;Pasteurellales;Pasteurellaceae;Pasteurella;Bisgaard,0,0,0,0,0,2,0,0,0
Proteobacteria;Gammaproteobacteria;Pasteurellales;Pasteurellaceae;Pasteurella;Pasteurella,0,0,0,0,0,5,0,0,0
Proteobacteria;Gammaproteobacteria;Pasteurellales;Pasteurellaceae;Rodentibacter;Necropsobacter,0,0,0,0,0,1,0,0,0
Proteobacteria;Gammaproteobacteria;Pasteurellales;Pasteurellaceae;Rodentibacter;Rodentibacter,0,0,0,0,0,5,0,0,0
Proteobacteria;Gammaproteobacteria;Pasteurellales;Pasteurellaceae;uncultured;uncultured,0,0,0,0,0,2,0,0,0
Proteobacteria;Gammaproteobacteria;SAR86,0,0,0,0,0,1,0,0,0
Proteobacteria;Gammaproteobacteria;Steroidobacterales;Woeseiaceae;Woeseia;uncultured,0,0,0,0,0,1,0,0,0
Proteobacteria;Gammaproteobacteria;Vibrionales;Vibrionaceae;Vibrio;Vibrio,0,0,0,0,0,7,0,0,0
Proteobacteria;Gammaproteobacteria;Vibrionales;Vibrionaceae;Vibrio;uncultured,0,0,0,0,0,1,0,0,0
Synergistetes;Synergistia;Synergistales;Synergistaceae;Synergistes;uncultured,0,0,0,0,0,1,0,0,0
Zixibacteria;uncultured,0,0,0,0,0,1,0,0,0
Actinobacteria;Acidimicrobiia;IMCC26256;uncultured,0,0,0,0,0,0,1,0,0
Actinobacteria;Acidimicrobiia;Microtrichales;Microtrichaceae;uncultured;uncultured,0,0,0,0,0,0,3,0,0
Actinobacteria;Coriobacteriia;Coriobacteriales;Eggerthellaceae;Gordonibacter;uncultured,0,0,0,0,0,0,1,0,0
Actinobacteria;Coriobacteriia;Coriobacteriales;Eggerthellaceae;Paraeggerthella;Eggerthellaceae,0,0,0,0,0,0,1,0,0
Actinobacteria;Corynebacteriales;Corynebacteriaceae;Lawsonella;Lawsonella,0,0,0,0,0,0,1,0,0
Bacteroidetes;Bacteroidia;Bacteroidales;Bacteroidaceae;Bacteroides;Blattella,0,0,0,0,0,0,2,0,0
Bacteroidetes;Bacteroidia;Bacteroidales;Paludibacteraceae;Microbacter;uncultured,0,0,0,0,0,0,1,0,0
Bacteroidetes;Bacteroidia;Bacteroidales;Porphyromonadaceae;Porphyromonas;uncultured,0,0,0,0,0,0,1,1,1
Bacteroidetes;Bacteroidia;Bacteroidales;Prolixibacteraceae;Draconibacterium;Draconibacterium,0,0,0,0,0,0,38,0,0
Bacteroidetes;Bacteroidia;Bacteroidales;Rikenellaceae;Alistipes;Tidjanibacter,0,0,0,0,0,0,41,1,0
Bacteroidetes;Bacteroidia;Bacteroidales;Rikenellaceae;Mucinivorans;Mucinivorans,0,0,0,0,0,0,3,9,1
Bacteroidetes;Bacteroidia;Cytophagales;Cyclobacteriaceae;Fabibacter;Fabibacter,0,0,0,0,0,0,2,0,0
Bacteroidetes;Bacteroidia;Cytophagales;Microscillaceae;Microscilla;marine,0,0,0,0,0,0,1,0,0
Bacteroidetes;Bacteroidia;Flavobacteriales;Flavobacteriaceae;Capnocytophaga;uncultured,0,0,0,0,0,0,2,0,0
Bacteroidetes;Bacteroidia;Flavobacteriales;Flavobacteriaceae;Gillisia;Gillisia,0,0,0,0,0,0,1,0,0
Bacteroidetes;Bacteroidia;Sphingobacteriales;Sphingobacteriaceae;Arcticibacter;uncultured,0,0,0,0,0,0,1,0,0
Bacteroidetes;Bacteroidia;Sphingobacteriales;Sphingobacteriaceae;Pedobacter;Pedobacter,0,0,0,0,0,0,1,0,0
Cloacimonetes;Cloacimonadia;Cloacimonadales;MSBL8;uncultured,0,0,0,0,0,0,1,1,0
Firmicutes;Bacilli;Bacillales;Alicyclobacillaceae;Acidibacillus;Acidibacillus,0,0,0,0,0,0,2,1,0
Firmicutes;Bacilli;Bacillales;Bacillaceae;Bacillus;uncultured,0,0,0,0,0,0,1,2,0
Firmicutes;Bacilli;Bacillales;Planococcaceae;Rummeliibacillus;Rummeliibacillus,0,0,0,0,0,0,1,0,0
Firmicutes;Bacilli;Bacillales;Staphylococcaceae;Macrococcus;Macrococcus,0,0,0,0,0,0,1,2,0
Firmicutes;Bacilli;Lactobacillales;Lactobacillaceae;Lactobacillus;metagenome,0,0,0,0,0,0,30,0,0
Firmicutes;Clostridia;Clostridiales;Christensenellaceae;Catabacter;uncultured,0,0,0,0,0,0,1,0,0
Firmicutes;Clostridia;Clostridiales;Lachnospiraceae;Eisenbergiella;Clostridium,0,0,0,0,0,0,1,0,0
Firmicutes;Clostridia;Clostridiales;Lachnospiraceae;GCA-900066755;uncultured,0,0,0,0,0,0,1,0,1
Firmicutes;Clostridia;Clostridiales;Lachnospiraceae;Hungatella;Hungatella,0,0,0,0,0,0,1,0,1
Firmicutes;Clostridia;Clostridiales;Lachnospiraceae;Lachnospira;metagenome,0,0,0,0,0,0,1,0,0
Firmicutes;Clostridia;Clostridiales;Lachnospiraceae;Murimonas;Murimonas,0,0,0,0,0,0,1,0,0
Firmicutes;Clostridia;Clostridiales;Lachnospiraceae;Tyzzerella;unidentified,0,0,0,0,0,0,1,0,0
Firmicutes;Clostridia;Clostridiales;Lachnospiraceae;XBB1006;uncultured,0,0,0,0,0,0,1,0,0
Firmicutes;Clostridia;Clostridiales;Ruminococcaceae;Butyricicoccus;Clostridia,0,0,0,0,0,0,1,0,0
Firmicutes;Clostridia;Clostridiales;Ruminococcaceae;Ruminiclostridium;Ruminococcaceae,0,0,0,0,0,0,1,0,0
Firmicutes;Erysipelotrichia;Erysipelotrichales;Erysipelotrichaceae;Coprobacillus;Coprobacillus,0,0,0,0,0,0,4,0,0
Firmicutes;Erysipelotrichia;Erysipelotrichales;Erysipelotrichaceae;Coprobacillus;uncultured,0,0,0,0,0,0,2,0,0
Firmicutes;Erysipelotrichia;Erysipelotrichales;Erysipelotrichaceae;Holdemania;metagenome,0,0,0,0,0,0,1,0,0
Proteobacteria;Deltaproteobacteria;Desulfobacterales;Desulfobulbaceae;Desulfocapsa;uncultured,0,0,0,0,0,0,1,0,0
Proteobacteria;Gammaproteobacteria;Betaproteobacteriales;Hydrogenophilaceae;uncultured;uncultured,0,0,0,0,0,0,1,0,0
Proteobacteria;Gammaproteobacteria;Cellvibrionales;Halieaceae;uncultured,0,0,0,0,0,0,1,0,0
Proteobacteria;Gammaproteobacteria;Enterobacteriales;Enterobacteriaceae;Buttiauxella;Buttiauxella,0,0,0,0,0,0,1,0,0
Verrucomicrobiaceae;Prosthecobacter;Cenchrus,0,0,0,0,0,0,2,0,0
Verrucomicrobiales;Rubritaleaceae;Rubritalea;uncultured,0,0,0,0,0,0,2,0,0
AB008900.1.913,0,0,0,0,0,0,0,1,0
AB906254.1.1265,0,0,0,0,0,0,0,1,0
Acidobacteria;Subgroup,0,0,0,0,0,0,0,1,0
Acidobacteriaceae,0,0,0,0,0,0,0,1,0
Actinobacteria;Bifidobacteriales;Bifidobacteriaceae;Gardnerella;Gardnerella,0,0,0,0,0,0,0,1,0
Actinobacteria;Coriobacteriia;Coriobacteriales;Eggerthellaceae;Enterorhabdus;Enterorhabdus,0,0,0,0,0,0,0,2,1
Actinobacteria;Corynebacteriales;Corynebacteriaceae;Corynebacterium;uncultured,0,0,0,0,0,0,0,2,0
Actinobacteria;Corynebacteriales;Mycobacteriaceae;Mycobacterium;Mycobacterium,0,0,0,0,0,0,0,1,1
Actinobacteria;Micrococcales;Micrococcaceae;Glutamicibacter;uncultured,0,0,0,0,0,0,0,1,0
Actinobacteria;Thermoleophilia;Solirubrobacterales;Solirubrobacteraceae;Conexibacter;metagenome,0,0,0,0,0,0,0,1,0
Actinobacteria;Thermoleophilia;Solirubrobacterales;Solirubrobacteraceae;Solirubrobacter;metagenome,0,0,0,0,0,0,0,4,0
Bacteroidetes;Bacteroidia;Bacteroidales;Marinilabiliaceae;Marinilabilia;Marinilabilia,0,0,0,0,0,0,0,1,0
Bacteroidetes;Bacteroidia;Bacteroidales;Rikenellaceae;BCf9-17,0,0,0,0,0,0,0,2,0
Bacteroidetes;Bacteroidia;Bacteroidales;Rikenellaceae;SP3-e08;uncultured,0,0,0,0,0,0,0,1,0
Bacteroidetes;Bacteroidia;Cytophagales;Spirosomaceae;Fibrella;Fibrella,0,0,0,0,0,0,0,1,0
Bacteroidetes;Bacteroidia;Flavobacteriales;Cryomorphaceae;Owenweeksia;uncultured,0,0,0,0,0,0,0,1,0
Bacteroidetes;Bacteroidia;Flavobacteriales;Flavobacteriaceae;Flavobacterium;Bragasellus,0,0,0,0,0,0,0,1,0
Bacteroidetes;Rhodothermia;Rhodothermales;Rhodothermaceae;Salinibacter;uncultured,0,0,0,0,0,0,0,1,0
CU466602.1.1028,0,0,0,0,0,0,0,8,0
CU466630.1.1029,0,0,0,0,0,0,0,1,0
Chloroflexi;Anaerolineae;SBR1031;A4b;uncultured,0,0,0,0,0,0,0,1,0
Chloroflexi;Ktedonobacteria;B12-WMSP1;uncultured,0,0,0,0,0,0,0,1,0
Cyanobacteria;Oxyphotobacteria;Nostocales;Nostocaceae;Anabaena,0,0,0,0,0,0,0,1,0
Cyanobacteria;Oxyphotobacteria;Phormidesmiales;Phormidesmiaceae;Acrophormium,0,0,0,0,0,0,0,1,0
EU883765.1.910,0,0,0,0,0,0,0,5,0
Epsilonbacteraeota;Campylobacteria;Nautiliales;Nautiliaceae;Caminibacter;Caminibacter,0,0,0,0,0,0,0,1,0
FJ586838.1.901,0,0,0,0,0,0,0,3,0
Firmicutes;Bacilli;Bacillales;Paenibacillaceae;Thermobacillus;Xylanobacillus,0,0,0,0,0,0,0,5,0
Firmicutes;Bacilli;Bacillales;Planococcaceae;Bhargavaea;Bhargavaea,0,0,0,0,0,0,0,1,0
Firmicutes;Bacilli;Bacillales;Planococcaceae;Chryseomicrobium;uncultured,0,0,0,0,0,0,0,1,0
Firmicutes;Bacilli;Bacillales;Staphylococcaceae;Salinicoccus;Salinicoccus,0,0,0,0,0,0,0,1,0
Firmicutes;Bacilli;Bacillales;Staphylococcaceae;Staphylococcus;Staphylococcaceae,0,0,0,0,0,0,0,1,0
Firmicutes;Bacilli;Bacillales;Staphylococcaceae;Staphylococcus;uncultured,0,0,0,0,0,0,0,1,0
Firmicutes;Bacilli;Lactobacillales;Carnobacteriaceae;Atopostipes;uncultured,0,0,0,0,0,0,0,2,0
Firmicutes;Bacilli;Lactobacillales;Lactobacillaceae;Lactobacillus;mouse,0,0,0,0,0,0,0,1,0
Firmicutes;Bacilli;Lactobacillales;Leuconostocaceae;Leuconostoc;uncultured,0,0,0,0,0,0,0,1,0
Firmicutes;Clostridia;Clostridiales;Christensenellaceae;uncultured;bioreactor,0,0,0,0,0,0,0,1,0
Firmicutes;Clostridia;Clostridiales;Lachnospiraceae;Lachnoclostridium;Clostridium,0,0,0,0,0,0,0,1,0
Firmicutes;Clostridia;Clostridiales;Peptococcaceae;Desulfitobacterium;Desulfitobacterium,0,0,0,0,0,0,0,2,0
Firmicutes;Clostridia;Clostridiales;Peptococcaceae;Peptococcus;metagenome,0,0,0,0,0,0,0,1,0
Firmicutes;Clostridia;Clostridiales;Peptostreptococcaceae;Peptostreptococcus;uncultured,0,0,0,0,0,0,0,1,0
Firmicutes;Clostridia;Clostridiales;Peptostreptococcaceae;Terrisporobacter;metagenome,0,0,0,0,0,0,0,1,0
Firmicutes;Clostridia;Clostridiales;Peptostreptococcaceae;uncultured,0,0,0,0,0,0,0,1,0
Firmicutes;Clostridia;Clostridiales;Ruminococcaceae;Harryflintia;Harryflintia,0,0,0,0,0,0,0,1,0
Firmicutes;Clostridia;Clostridiales;Ruminococcaceae;Harryflintia;uncultured,0,0,0,0,0,0,0,1,0
Firmicutes;Clostridia;Clostridiales;Ruminococcaceae;Hydrogenoanaerobacterium;uncultured,0,0,0,0,0,0,0,2,1
Firmicutes;Clostridia;Clostridiales;Ruminococcaceae;Intestinimonas;terrestrial,0,0,0,0,0,0,0,1,0
Firmicutes;Clostridia;Clostridiales;Ruminococcaceae;Papillibacter;uncultured,0,0,0,0,0,0,0,2,0
Firmicutes;Clostridia;Clostridiales;Ruminococcaceae;Pygmaiobacter;uncultured,0,0,0,0,0,0,0,1,0
Firmicutes;Clostridia;Clostridiales;Syntrophomonadaceae;Syntrophomonas;uncultured,0,0,0,0,0,0,0,2,0
Firmicutes;Erysipelotrichia;Erysipelotrichales;Erysipelotrichaceae;Breznakia;uncultured,0,0,0,0,0,0,0,2,0
Firmicutes;Erysipelotrichia;Erysipelotrichales;Erysipelotrichaceae;Holdemanella;metagenome,0,0,0,0,0,0,0,4,0
Firmicutes;Erysipelotrichia;Erysipelotrichales;Erysipelotrichaceae;Solobacterium;uncultured,0,0,0,0,0,0,0,1,1
Firmicutes;Negativicutes;Selenomonadales;Acidaminococcaceae;Phascolarctobacterium;unidentified,0,0,0,0,0,0,0,3,0
Firmicutes;Negativicutes;Selenomonadales;Veillonellaceae;Megamonas;uncultured,0,0,0,0,0,0,0,12,0
Firmicutes;Negativicutes;Selenomonadales;Veillonellaceae;Selenomonas,0,0,0,0,0,0,0,1,0
GQ906574.1.931,0,0,0,0,0,0,0,1,0
HE856628.1.1029,0,0,0,0,0,0,0,1,0
HE858592.1.1029,0,0,0,0,0,0,0,1,0
HM040979.1.927,0,0,0,0,0,0,0,4,0
JN098613.1.982,0,0,0,0,0,0,0,6,0
JN098637.1.1027,0,0,0,0,0,0,0,4,0
JQ245044.1.1052,0,0,0,0,0,0,0,3,0
JQ346750.1.1268,0,0,0,0,0,0,0,1,0
JQ595922.1.973,0,0,0,0,0,0,0,23,0
JQ595923.1.973,0,0,0,0,0,0,0,6,0
LWMU01000100.86.1560,0,0,0,0,0,0,0,1,0
Patescibacteria;Parcubacteria;32-520;uncultured,0,0,0,0,0,0,0,9,0
Planctomycetes;Phycisphaerae;Phycisphaerales;Phycisphaeraceae;CL500-3;uncultured,0,0,0,0,0,0,0,1,0
Planctomycetes;Planctomycetacia;Pirellulales;Pirellulaceae;uncultured;uncultured,0,0,0,0,0,0,0,1,0
Proteobacteria,0,0,0,0,0,0,0,7,0
Proteobacteria;Alphaproteobacteria;Acetobacterales;Acetobacteraceae;Acetobacter;uncultured,0,0,0,0,0,0,0,1,0
Proteobacteria;Alphaproteobacteria;Rhizobiales;Labraceae;Labrys;metagenome,0,0,0,0,0,0,0,1,0
Proteobacteria;Alphaproteobacteria;Rhizobiales;Rhizobiaceae;Phyllobacterium;uncultured,0,0,0,0,0,0,0,3,0
Proteobacteria;Alphaproteobacteria;Rickettsiales;S25-593;marine,0,0,0,0,0,0,0,1,0
Proteobacteria;Deltaproteobacteria;Bdellovibrionales;Bacteriovoracaceae;Peredibacter;marine,0,0,0,0,0,0,0,2,0
Proteobacteria;Deltaproteobacteria;Bdellovibrionales;Bdellovibrionaceae;Bdellovibrio;uncultured,0,0,0,0,0,0,0,1,0
Proteobacteria;Deltaproteobacteria;Desulfobacterales;Desulfobulbaceae;SEEP-SRB4;uncultured,0,0,0,0,0,0,0,2,0
Proteobacteria;Deltaproteobacteria;Desulfovibrionales;Desulfovibrionaceae;Desulfovibrio;Desulfovibrionaceae,0,0,0,0,0,0,0,1,0
Proteobacteria;Gammaproteobacteria;Aeromonadales;Aeromonadaceae;Aeromonas;Aeromonas,0,0,0,0,0,0,0,4,0
Proteobacteria;Gammaproteobacteria;Aeromonadales;Succinivibrionaceae;Succinivibrio;uncultured,0,0,0,0,0,0,0,1,0
Proteobacteria;Gammaproteobacteria;Alteromonadales;Marinobacteraceae;Marinobacter;Marinobacter,0,0,0,0,0,0,0,1,0
Proteobacteria;Gammaproteobacteria;Betaproteobacteriales;Burkholderiaceae;Herbaspirillum;Herbaspirillum,0,0,0,0,0,0,0,1,0
Proteobacteria;Gammaproteobacteria;Betaproteobacteriales;Burkholderiaceae;Noviherbaspirillum;uncultured,0,0,0,0,0,0,0,1,2
Proteobacteria;Gammaproteobacteria;Enterobacteriales;Enterobacteriaceae;Buttiauxella;Enterobacteriaceae,0,0,0,0,0,0,0,1,0
Proteobacteria;Gammaproteobacteria;Enterobacteriales;Enterobacteriaceae;Buttiauxella;Pantoea,0,0,0,0,0,0,0,1,0
Proteobacteria;Gammaproteobacteria;Enterobacteriales;Enterobacteriaceae;Dickeya;uncultured,0,0,0,0,0,0,0,4,0
Proteobacteria;Gammaproteobacteria;Enterobacteriales;Enterobacteriaceae;Enterobacter;Leclercia,0,0,0,0,0,0,0,1,0
Proteobacteria;Gammaproteobacteria;Enterobacteriales;Enterobacteriaceae;Enterobacter;Lelliottia,0,0,0,0,0,0,0,5,0
Proteobacteria;Gammaproteobacteria;Enterobacteriales;Enterobacteriaceae;Enterobacter;Pantoea,0,0,0,0,0,0,0,5,0
Proteobacteria;Gammaproteobacteria;Enterobacteriales;Enterobacteriaceae;Enterobacter;Raoultella,0,0,0,0,0,0,0,3,0
Proteobacteria;Gammaproteobacteria;Enterobacteriales;Enterobacteriaceae;Enterobacter;bacterium,0,0,0,0,0,0,0,6,0
Proteobacteria;Gammaproteobacteria;Enterobacteriales;Enterobacteriaceae;Escherichia-Shigella;Klebsiella,0,0,0,0,0,0,0,1,0
Proteobacteria;Gammaproteobacteria;Enterobacteriales;Enterobacteriaceae;Klebsiella;Enterobacter,0,0,0,0,0,0,0,1,0
Proteobacteria;Gammaproteobacteria;Enterobacteriales;Enterobacteriaceae;Kluyvera;Enterobacter,0,0,0,0,0,0,0,1,0
Proteobacteria;Gammaproteobacteria;Enterobacteriales;Enterobacteriaceae;Kluyvera;uncultured,0,0,0,0,0,0,0,1,0
Proteobacteria;Gammaproteobacteria;Enterobacteriales;Enterobacteriaceae;Lelliottia;Enterobacter,0,0,0,0,0,0,0,1,0
Proteobacteria;Gammaproteobacteria;Enterobacteriales;Enterobacteriaceae;Pantoea;Enterobacteriaceae,0,0,0,0,0,0,0,6,0
Proteobacteria;Gammaproteobacteria;Enterobacteriales;Enterobacteriaceae;Pantoea;uncultured,0,0,0,0,0,0,0,2,0
Proteobacteria;Gammaproteobacteria;Enterobacteriales;Enterobacteriaceae;Plesiomonas;uncultured,0,0,0,0,0,0,0,1,0
Proteobacteria;Gammaproteobacteria;Enterobacteriales;Enterobacteriaceae;Pragia;Pragia,0,0,0,0,0,0,0,1,0
Proteobacteria;Gammaproteobacteria;Enterobacteriales;Enterobacteriaceae;Providencia;Enterobacteriaceae,0,0,0,0,0,0,0,1,0
Proteobacteria;Gammaproteobacteria;Enterobacteriales;Enterobacteriaceae;Raoultella;Klebsiella,0,0,0,0,0,0,0,1,0
Proteobacteria;Gammaproteobacteria;Enterobacteriales;Enterobacteriaceae;Raoultella;Raoultella,0,0,0,0,0,0,0,2,0
Proteobacteria;Gammaproteobacteria;Enterobacteriales;Enterobacteriaceae;Raoultella;bacterium,0,0,0,0,0,0,0,24,0
Proteobacteria;Gammaproteobacteria;Enterobacteriales;Enterobacteriaceae;Rosenbergiella;uncultured,0,0,0,0,0,0,0,1,0
Proteobacteria;Gammaproteobacteria;Enterobacteriales;Enterobacteriaceae;Serratia;bacterium,0,0,0,0,0,0,0,1,0
Proteobacteria;Gammaproteobacteria;Enterobacteriales;Enterobacteriaceae;uncultured;Enterobacteriaceae,0,0,0,0,0,0,0,1,0
Proteobacteria;Gammaproteobacteria;Enterobacteriales;Enterobacteriaceae;uncultured;uncultured,0,0,0,0,0,0,0,1,0
Proteobacteria;Gammaproteobacteria;Methylococcales;Methylococcaceae;uncultured;uncultured,0,0,0,0,0,0,0,1,0
Proteobacteria;Gammaproteobacteria;Xanthomonadales;Xanthomonadaceae;Lysobacter;Lysobacter,0,0,0,0,0,0,0,2,0
Synergistetes;Synergistia;Synergistales;Synergistaceae;Cloacibacillus;Synergistes,0,0,0,0,0,0,0,3,0
Tenericutes;Mollicutes;Entomoplasmatales;Spiroplasmataceae;Spiroplasma;Spiroplasma,0,0,0,0,0,0,0,1,0
Tenericutes;Mollicutes;Mycoplasmatales;Mycoplasmataceae;Mycoplasma;Mycoplasma,0,0,0,0,0,0,0,5,1
U55233.1.1343,0,0,0,0,0,0,0,3,0
U55234.1.1341,0,0,0,0,0,0,0,1,0
Actinobacteria;Bifidobacteriales;Bifidobacteriaceae;Bifidobacterium;bacterium,0,0,0,0,0,0,0,0,2
Actinobacteria;Coriobacteriia;Coriobacteriales;Eggerthellaceae;Adlercreutzia;Asaccharobacter,0,0,0,0,0,0,0,0,1
Actinobacteria;Coriobacteriia;Coriobacteriales;Eggerthellaceae;Asaccharobacter;Asaccharobacter,0,0,0,0,0,0,0,0,1
Actinobacteria;Coriobacteriia;Coriobacteriales;Eggerthellaceae;Gordonibacter;Denitrobacterium,0,0,0,0,0,0,0,0,1
Actinobacteria;Micrococcales;Dermatophilaceae;uncultured;uncultured,0,0,0,0,0,0,0,0,1
Actinobacteria;Propionibacteriales;Propionibacteriaceae;uncultured;uncultured,0,0,0,0,0,0,0,0,1
Bacteroidetes;Bacteroidia;Bacteroidales;Rikenellaceae;M2PB4-61,0,0,0,0,0,0,0,0,1
Bacteroidetes;Bacteroidia;Cytophagales;Cyclobacteriaceae;Algoriphagus;Algoriphagus,0,0,0,0,0,0,0,0,1
Bacteroidetes;Bacteroidia;Cytophagales;Cyclobacteriaceae;uncultured;uncultured,0,0,0,0,0,0,0,0,1
Bacteroidetes;Bacteroidia;Flavobacteriales;Cryomorphaceae;Luteibaculum;uncultured,0,0,0,0,0,0,0,0,1
Bacteroidetes;Bacteroidia;Flavobacteriales;NS9,0,0,0,0,0,0,0,0,2
Cyanobacteria;Melainabacteria;Gastranaerophilales;Candidatus,0,0,0,0,0,0,0,0,1
Firmicutes;Bacilli;Lactobacillales;Carnobacteriaceae;Granulicatella;Abiotrophia,0,0,0,0,0,0,0,0,1
Firmicutes;Clostridia;Clostridiales;Lachnospiraceae;UC5-1-2E3;uncultured,0,0,0,0,0,0,0,0,3
Firmicutes;Erysipelotrichia;Erysipelotrichales;Erysipelotrichaceae;Dielma;cf.,0,0,0,0,0,0,0,0,1
GU820393.1.1200,0,0,0,0,0,0,0,0,1
Patescibacteria;Parcubacteria;Candidatus,0,0,0,0,0,0,0,0,1
Proteobacteria;Gammaproteobacteria;Betaproteobacteriales;Burkholderiaceae;Alcaligenes;Alcaligenes,0,0,0,0,0,0,0,0,1
Proteobacteria;Gammaproteobacteria;Betaproteobacteriales;Burkholderiaceae;Hydrogenophaga;Hydrogenophaga,0,0,0,0,0,0,0,0,2
Proteobacteria;Gammaproteobacteria;Betaproteobacteriales;Burkholderiaceae;Janthinobacterium;Janthinobacterium,0,0,0,0,0,0,0,0,1
Proteobacteria;Gammaproteobacteria;Betaproteobacteriales;Burkholderiaceae;Massilia;Massilia,0,0,0,0,0,0,0,0,1
Proteobacteria;Gammaproteobacteria;Cardiobacteriales;Cardiobacteriaceae;Cardiobacterium;uncultured,0,0,0,0,0,0,0,0,1